时间t(s),动能T(J),势能V(J),机械能E(J),波浪输入功率Pin(W),垂荡兴波耗散bh_zdotf2(W),纵摇兴波耗散btheta_thetadotf2(W),直线PTO耗散Pl(W),旋转PTO耗散Ptheta(W),总耗散Pd(W),累计输入功Win(J),累计耗散Wdiss(J),能量残差E-(Win-Wdiss)(J)
0,0,0,0,0,0,0,0,0,0,0,0,0
0.2,32.99746917,3.934859381,36.93232855,358.0355767,6.298041355,0.2168506885,22.75762419,0.007883036168,29.28039927,40.47198266,3.53965411,5.532001524e-10
0.4,90.40036019,26.10438635,116.5047465,434.2282618,13.1463106,0.7281678416,0.02443724949,0.02925167673,13.92816737,123.9858933,7.481146786,6.342588676e-10
0.6,118.9992327,69.18621133,188.185444,305.1567458,14.05962403,1.116309577,20.00994465,0.006396422974,35.19227469,200.3909077,12.20546368,6.77260914e-10
0.8,84.81404399,135.9404534,220.7544974,94.85852682,8.699803141,1.12343955,24.58292491,0.007458213229,34.41362582,240.5286532,19.77415581,7.104006272e-10
1,22.08014088,197.2275516,219.3076925,-30.18939503,1.247605447,0.674793186,12.95667773,0.001321610493,14.88039798,244.0077448,24.70005235,7.16681825e-10
1.2,14.7175604,204.0077698,218.7253302,92.61466656,2.537769326,0.132697397,4.394665167,0.003005915318,7.068137805,245.2842311,26.55890091,7.197797913e-10
1.4,132.5660014,138.4293995,270.995401,494.4875701,22.00445821,0.0636698646,0.3054411204,0.00202303269,22.37559223,300.0897396,29.09433862,7.210019248e-10
1.6,367.5024899,47.52062618,415.0231161,1026.02943,56.74627343,0.9334897512,1.634333311,0.01049260925,59.3245891,452.0057643,36.98264823,7.231051313e-10
1.8,616.7247063,31.86083132,648.5855376,1430.21843,90.20356513,2.769058781,10.25224128,0.003873999806,103.2287392,701.8976116,53.312074,7.269136404e-10
2,736.4103446,187.1988036,923.6091481,1489.248187,101.7942787,5.073525689,22.54793779,0.008126177518,129.4238684,1000.692573,77.08342483,7.34871719e-10
2.2,639.2965953,528.8802864,1168.176882,1153.176894,81.2481498,6.940384389,30.62587374,0.02147325628,118.8358812,1270.751766,102.5748843,7.439666661e-10
2.4,373.1398781,950.8689391,1324.008817,588.7451447,38.92009393,7.451094086,28.95125211,0.007229963264,75.3296701,1446.366415,122.3575975,7.535163604e-10
2.6,120.2553986,1259.385894,1379.641292,111.868771,4.09606851,6.264211437,18.32445105,0.01569165606,28.70042265,1512.116979,132.4756872,7.612470654e-10
2.8,103.5581406,1277.802212,1381.360352,27.28498129,9.595727112,3.771440992,5.58486687,0.005192173809,18.95722715,1517.689432,136.3290802,7.646576705e-10
3,445.9780791,967.8854349,1413.863514,460.2908151,70.41411541,1.1834654,0.01304831335,0.0008583409229,71.61148746,1558.16409,144.3005758,7.651124179e-10
3.2,1068.867563,489.963384,1558.830947,1270.131663,169.7390662,0.0002788602411,7.765501791,3.103254709e-05,177.5048779,1727.44104,168.6100925,7.671587809e-10
3.4,1702.642295,149.1910755,1851.83337,2100.804516,262.9292194,1.3608841,27.38797798,0.005891223503,291.6839727,2067.723168,215.8897976,7.764811016e-10
3.6,2021.275784,238.8528185,2260.128602,2550.579724,300.0379886,5.426043047,49.6570993,0.0107799892,355.1319109,2541.981923,281.8533208,7.898961485e-10
3.8,1834.848542,859.1884871,2694.037029,2380.372918,255.7613448,11.1581365,62.40903846,0.02441534314,329.3529351,3045.918332,351.8813031,8.085407899e-10
4,1228.472628,1819.532339,3048.004967,1650.883915,149.3339348,16.59049308,57.76701335,0.03649812534,223.7279393,3456.156183,408.1512161,8.217284631e-10
4.2,553.9865567,2698.16731,3252.153867,713.7000549,40.54869478,19.59741796,37.51749853,0.03662267712,97.70023395,3692.111225,439.9573584,8.303686627e-10
4.4,258.9782558,3049.806136,3308.784391,50.33136483,0.7461404293,18.84015715,13.17872651,0.0398210695,32.80484516,3760.146265,451.361873,8.362803783e-10
4.6,634.6334208,2660.26243,3294.895851,33.62262672,72.62185423,14.40698969,0.1891227238,0.02665404227,87.24462068,3756.074155,461.1783048,8.444658306e-10
4.8,1622.795567,1705.046955,3327.842522,730.9074908,241.1959479,7.994176596,9.125855433,0.01474173959,258.3307216,3822.040546,494.1980234,8.458300726e-10
5,2803.916492,705.6268107,3509.543302,1851.779017,434.4571578,2.30234078,38.91087038,0.00425886926,475.6746279,4077.224509,567.6812061,8.581082511e-10
5.2,3594.474065,281.3163022,3875.790368,2875.355841,556.9906904,0.0001422998707,76.21513756,0.0001047668378,633.206075,4556.222799,680.4324317,8.817551134e-10
5.4,3562.708704,813.019814,4375.728518,3300.845467,541.0942365,2.585448607,101.9706237,0.005596474681,645.6559052,5186.850299,811.1217811,9.076757124e-10
5.6,2692.936544,2199.701969,4892.638513,2900.427712,388.1028129,9.654383564,101.8149315,0.02115640845,499.5932844,5820.557696,927.9191834,9.33141564e-10
5.8,1441.014653,3856.422275,5297.436927,1845.988889,175.3886887,18.91787957,74.75693132,0.03982275524,269.1033224,6302.634454,1005.197527,9.549694369e-10
6,527.8569542,4982.245652,5510.102607,640.9109869,21.54799392,27.01866495,34.93697068,0.05496598088,83.55859553,6548.684402,1038.581796,9.586074157e-10
6.2,562.27586,4977.316964,5539.592824,-117.2210029,25.16754525,30.84414339,4.931208904,0.06391303672,61.00681058,6589.264408,1049.671583,9.631548892e-10
6.4,1689.633188,3792.682655,5482.315842,-30.31781282,208.794584,28.80371036,3.757585765,0.05786854017,241.4137487,6559.086037,1076.770195,9.722498362e-10
6.6,3465.76676,2012.799976,5478.566735,895.0824916,499.6040196,21.5694373,35.96462442,0.04374430944,557.1818257,6634.019887,1155.453152,9.831637726e-10
6.8,5046.55712,600.006693,5646.563813,2236.719164,760.5517061,11.89184153,88.00367846,0.02406650366,860.4712926,6945.391916,1298.828103,1.008629624e-09
7,5615.044088,409.9961857,6025.040273,3351.699557,859.0637498,3.58254939,134.4032742,0.007038984053,997.0566125,7513.387082,1488.346809,1.051375875e-09
7.2,4830.024566,1722.130431,6552.154998,3687.238017,738.7236301,0.01687730066,150.9523395,4.082997608e-05,889.6928877,8233.246461,1681.091463,1.085936674e-09
7.4,3051.534108,4040.329485,7091.863593,3056.310361,455.2601985,2.770010362,128.0397589,0.00570199593,586.0756698,8922.745032,1830.881439,1.12959242e-09
7.6,1202.930039,6293.576788,7496.506827,1740.421766,154.8552355,10.94833695,76.81712941,0.02214128504,242.6428432,9409.294848,1912.788021,1.138687367e-09
7.8,317.8003876,7358.922145,7676.722532,363.9893869,2.560117464,21.5002891,24.39711126,0.04345873197,48.50097655,9614.76914,1938.046608,1.135049388e-09
8,994.6081394,6650.871758,7645.479897,-403.7173156,96.00966492,30.39831999,0.1091143401,0.06196144179,126.5790607,9596.138256,1950.658358,1.14323484e-09
8.2,3046.580678,4467.902419,7514.483096,-176.198955,409.6423249,34.22208371,19.81773484,0.069620328,463.7517638,9520.761328,2006.278231,1.152329787e-09
8.4,5547.240875,1896.103351,7443.344226,953.8607034,800.9020005,31.51127045,76.70037489,0.06483333614,909.1784791,9586.879042,2143.534816,1.165972208e-09
8.6,7271.731944,292.7849247,7564.516868,2449.077454,1078.55348,23.33060349,143.7666421,0.04846039111,1245.699185,9927.102891,2362.586023,1.191438059e-09
8.8,7322.586009,596.6143348,7919.200344,3580.845242,1100.228345,12.83449125,187.2939053,0.02716779677,1300.383909,10541.90117,2622.700825,1.25146471e-09
9,5618.85769,2816.298231,8435.155921,3781.865622,849.2091411,4.001369884,184.445501,0.008993489767,1037.665005,11296.34882,2861.192903,1.300577424e-09
9.2,2983.310037,5974.866724,8958.176761,2926.762124,449.0960498,0.06085784271,135.8292773,0.000259097911,584.986444,11983.0309,3024.85414,1.336957212e-09
9.4,761.6095876,8561.995669,9323.605256,1401.882639,105.8957093,2.248241068,66.11388077,0.003858475765,174.2616896,12421.61494,3098.009687,1.366061042e-09
9.6,150.7534055,9283.984667,9434.738073,-73.66883013,4.75939298,9.377510823,11.94240224,0.01766882405,26.09697486,12547.09864,3112.360566,1.378793968e-09
9.8,1574.267348,7736.48459,9310.751937,-792.6044646,213.4276961,18.38587575,3.108366016,0.03578910039,234.9577269,12443.42848,3132.676544,1.37151801e-09
10,4431.200537,4649.170461,9080.370997,-404.0349266,642.8664864,25.60302804,46.71630451,0.05075752729,715.2365765,12305.14806,3224.777065,1.386069926e-09
10.2,7363.771032,1559.099661,8922.870693,910.0487144,1087.534023,28.21388462,122.7572618,0.05702700986,1238.562196,12344.58485,3421.714161,1.407897798e-09
10.4,8924.232246,59.09841813,8983.330664,2514.929206,1327.054756,25.31962739,193.7442678,0.05217105288,1546.170822,12688.91255,3705.581885,1.471562427e-09
10.6,8310.6368,991.5006045,9302.137404,3624.589654,1238.670368,18.19068426,223.7286749,0.03852657708,1480.628253,13317.00555,4014.86815,1.527951099e-09
10.8,5795.250508,3997.711067,9792.961575,3680.812521,862.818825,9.644320385,196.9878528,0.0214214308,1069.47242,14067.33655,4274.37498,1.609805622e-09
11,2616.931922,7664.108079,10281.04,2626.780377,386.8643506,2.842701118,126.6342754,0.007083216075,516.3484103,14714.04968,4433.009675,1.642547431e-09
11.2,378.3338333,10206.56958,10584.90341,941.126348,53.30832476,0.02641665189,48.46045032,0.0002822976099,101.795474,15075.20635,4490.302931,1.669832272e-09
11.4,243.7652175,10359.58623,10603.35144,-586.8035347,37.77420334,1.698488205,2.936311597,0.00239107131,42.41139421,15101.17159,4497.820148,1.666194294e-09
11.6,2342.071163,8023.905241,10365.9764,-1234.447061,358.5006539,6.561633086,14.4794042,0.01126654208,379.5529577,14900.15146,4534.175052,1.67710823e-09
11.8,5682.196195,4339.841503,10022.0377,-695.2327953,864.1076988,12.18368205,78.66737096,0.02233420239,954.981086,14687.85655,4665.818848,1.693479135e-09
12,8633.257646,1138.295816,9771.553461,769.4631539,1307.203579,16.06861137,164.0938232,0.03068163665,1487.396695,14684.81373,4913.260273,1.731677912e-09
12.2,9734.639176,35.76114551,9770.400321,2450.644299,1467.742969,16.66407802,228.0861096,0.03291887869,1712.526076,15010.3365,5239.936175,1.811713446e-09
12.4,8430.879325,1623.604918,10054.48424,3528.471298,1264.24198,13.8962776,238.3544584,0.02851753264,1516.521233,15624.18373,5569.699488,1.866283128e-09
12.6,5359.509499,5160.389476,10519.89897,3464.921976,796.4004702,9.049313339,189.5275003,0.01957911375,994.9968629,16344.35523,5824.456256,1.919033821e-09
12.8,2042.50557,8927.341998,10969.84757,2263.883009,296.8987263,4.096076346,106.0807148,0.009753931722,407.0852714,16933.03712,5963.189556,1.960870577e-09
13,132.013274,11075.16629,11207.17957,472.9878134,15.92084223,0.8098957132,30.09107344,0.002576281231,46.82438767,17209.91166,6002.732095,1.999069354e-09
13.2,586.665278,10542.31654,11128.98181,-1074.979963,96.10241506,0.05241581342,0.002421321753,2.629967605e-06,96.15725482,17138.68898,6009.707166,2.01362127e-09
13.4,3191.414208,7586.373065,10777.78727,-1658.326511,500.7196929,1.524075391,31.18394866,0.00185005211,533.429567,16845.30252,6067.515251,2.033630153e-09
13.6,6662.289218,3661.672858,10323.96208,-1011.180416,1031.347422,4.038684882,108.153749,0.006151639671,1143.546008,16558.76872,6234.806644,2.088199835e-09
13.8,9284.219734,702.2539319,9986.473666,548.2068132,1426.31305,6.150001853,192.3967343,0.01025878365,1624.870045,16502.6707,6516.197039,2.155502443e-09
14,9762.993624,166.0175869,9929.011211,2267.269656,1490.734476,6.818920685,241.7816851,0.01207133524,1739.347153,16788.87934,6859.868129,2.250089892e-09
14.2,7865.942077,2314.961926,10180.904,3315.92492,1193.171869,5.820529771,231.7237568,0.01089415677,1430.72705,17364.13869,7183.234688,2.333763405e-09
14.4,4533.024108,6088.129049,10621.15316,3180.480141,680.8011085,3.734899361,167.4134163,0.007509657355,851.9569339,18034.98893,7413.835776,2.37923814e-09
14.6,1405.795754,9628.353475,11034.14923,1907.237207,205.899149,1.56948629,81.02045985,0.003602556112,288.4926977,18559.20983,7525.0606,2.435626811e-09
14.8,12.05104609,11199.30469,11211.35574,80.2363165,0.6739479753,0.2265420805,15.40685049,0.0008248001169,16.30816535,18760.35215,7548.996406,2.482920536e-09
15,1013.273116,10037.58384,11050.85696,-1455.715772,162.9021311,0.08259235244,2.653411312,6.998092155e-06,165.6381417,18611.03534,7560.178384,2.479282557e-09
15.2,3886.989157,6720.138277,10607.12743,-1994.652877,608.9198606,0.8710106718,48.21255909,0.0008801413486,658.0043105,18245.64501,7638.517578,2.506567398e-09
15.4,7196.407184,2870.315523,10066.72271,-1301.985359,1116.530711,1.897130556,128.5358496,0.002377229497,1246.966068,17896.64802,7829.925311,2.588421921e-09
15.6,9307.039168,353.7855458,9660.824714,277.0008368,1435.611664,2.450343262,203.1655372,0.003312578578,1641.230857,17784.91493,8124.090212,2.639353625e-09
15.8,9190.923352,364.9507404,9555.874092,1982.673399,1411.02762,2.188892459,235.0358304,0.003049058097,1648.255392,18016.02221,8460.148117,2.71393219e-09
16,6921.201595,2853.088797,9774.290392,3000.693455,1057.198375,1.300153,208.743793,0.001808082137,1267.244129,18531.36679,8757.076403,2.779415809e-09
16.2,3618.938649,6564.280034,10183.21868,2844.777202,548.4522605,0.3638226677,137.7555162,0.0004709538524,686.5720703,19136.73238,8953.513697,2.812157618e-09
16.4,887.8822637,9669.07255,10556.95481,1582.140515,131.3465636,0.002370391745,57.19917119,1.469575213e-05,188.5481198,19594.27827,9037.32346,2.841261448e-09
16.6,23.82523897,10659.76309,10683.58833,-202.9653409,3.336163122,0.5126629472,6.124005911,0.0008990023493,9.973730983,19734.19647,9050.608141,2.824890544e-09
16.8,1389.994399,9075.275434,10465.26983,-1687.825739,217.770748,1.68048167,8.233913046,0.002757779088,227.6879005,19533.46038,9068.190547,2.810338628e-09
17,4260.078816,5704.417113,9964.495929,-2198.488709,661.0179757,2.882510789,60.63580503,0.004573204556,724.5408647,19125.10161,9160.605681,2.795786713e-09
17.2,7194.852657,2179.640742,9374.493399,-1522.752912,1111.216035,3.427941199,135.9348247,0.00525412321,1250.584055,18734.46543,9359.972027,2.868546289e-09
17.4,8756.174434,171.711045,8927.885479,-3.250081647,1348.112346,2.96166721,196.2806102,0.004306851077,1547.358931,18573.16347,9645.277992,2.941305866e-09
17.6,8202.67095,584.4117963,8787.082747,1629.900418,1259.358819,1.71045807,212.1272226,0.002226166532,1473.198726,18740.83867,9953.755922,2.963133738e-09
17.8,5829.870584,3138.458772,8968.329356,2604.783396,891.8416797,0.4257650172,176.3742917,0.0003578424057,1068.642094,19180.48845,10212.15909,2.986780601e-09
18,2799.799185,6535.305508,9335.104694,2467.461439,424.7631558,0.0289600631,107.1209242,0.0002547536217,531.9132949,19707.37064,10372.26595,3.041350283e-09
18.2,557.2682121,9106.237171,9663.505383,1287.70465,79.78961258,1.122432729,38.06585069,0.002826066483,118.9807221,20096.84221,10433.33683,3.044988262e-09
18.4,127.2609153,9620.904698,9748.165613,-382.552464,13.5286008,3.613102658,1.65913736,0.00771481512,18.80855563,20189.24255,10441.07693,3.035893315e-09
18.6,1635.920327,7862.489511,9498.409838,-1774.142002,244.64523,6.657359028,13.46153817,0.01326532072,264.7773925,19962.73918,10464.32935,3.054083209e-09
18.8,4278.403702,4701.07092,8979.474622,-2261.396719,649.459203,8.989918417,65.25937395,0.01717022903,723.7256656,19540.8899,10561.41527,3.099557944e-09
19,6733.960503,1646.117577,8380.07808,-1649.038693,1025.737583,9.509959965,129.9298014,0.01755010553,1165.194894,19132.69327,10752.61518,3.126842785e-09
19.2,7813.572611,108.9906667,7922.563277,-253.5018327,1191.68206,7.857153924,175.2277696,0.01396890855,1374.780952,18934.3191,11011.75582,3.164132067e-09
19.4,7021.806259,736.8329209,7758.63918,1254.569135,1071.513664,4.690424202,179.4651036,0.007872557275,1255.677064,19038.87803,11280.23885,3.248715075e-09
19.6,4767.712889,3132.130304,7899.843193,2168.195524,727.3885455,1.501501155,141.4457721,0.002163687317,870.3379824,19395.82996,11495.98677,3.286004358e-09
19.8,2137.739679,6076.971013,8214.710692,2071.278125,324.6311475,0.005537992599,80.13852686,1.900052095e-05,404.7752314,19837.66544,11622.95475,3.308741725e-09
20,356.0007617,8136.754439,8492.755201,1023.459681,49.56798219,1.357695836,24.72067161,0.003430081734,75.64977972,20159.92114,11667.16594,3.339664545e-09
20.2,200.7963702,8343.245614,8544.041984,-479.2777454,20.91995025,5.548991186,0.2220663474,0.0121263708,26.70313415,20216.26042,11672.21844,3.330569598e-09
20.4,1655.492972,6631.617997,8287.110969,-1744.258446,236.9166508,11.28052698,15.84640121,0.02342295913,264.067002,19984.36262,11697.25165,3.363311407e-09
20.6,3948.586525,3835.893934,7784.48046,-2206.024931,581.4383227,16.41723084,61.40098923,0.03315473741,659.2896975,19573.00981,11788.52935,3.359673428e-09
20.8,5946.849345,1263.53961,7210.388955,-1682.81168,883.516928,18.8630745,113.1070067,0.03737342212,1015.524383,19168.69271,11958.30375,3.38513928e-09
21,6700.733863,66.69329589,6767.427159,-449.3106882,999.6826354,17.49519673,145.5247838,0.0341083145,1162.736724,18947.98309,12180.55593,3.419700079e-09
21.2,5879.264597,712.8542679,6592.118865,902.443891,879.4567182,12.74150631,143.6071354,0.02440919422,1035.829769,18996.93554,12404.81668,3.478817234e-09
21.4,3896.401395,2797.198823,6693.600218,1743.805002,584.2565484,6.518185018,109.1803461,0.01215108579,699.9672306,19274.33772,12580.7375,3.512468538e-09
21.6,1685.109688,5267.832638,6952.942326,1698.582545,253.3448403,1.510818432,59.12760309,0.002595317218,313.9858572,19634.36949,12681.42716,3.534296411e-09
21.8,241.8716508,6939.836717,7181.708368,807.533433,35.4946596,0.0727736863,16.63071502,0.0002488337258,52.19839714,19896.47597,12714.7676,3.517016012e-09
22,164.5356718,7046.364335,7210.900007,-503.1784552,19.9342188,3.198557505,0.006361055007,0.00690435078,23.14604171,19928.98723,12718.08722,3.526110959e-09
22.2,1397.325758,5570.928248,6968.254006,-1628.756006,198.5353754,10.02138902,14.50818892,0.02071622149,223.0856696,19707.79204,12739.53803,3.526110959e-09
22.4,3289.19045,3219.381543,6508.571993,-2067.410873,474.8749177,18.07825604,50.72146251,0.03676390744,543.7114001,19324.05423,12815.48224,3.508830559e-09
22.6,4921.336265,1063.283048,5984.619313,-1645.692159,713.2400525,24.26463074,89.85385739,0.0489374962,827.4074781,18939.11905,12954.49974,3.540662874e-09
22.8,5538.882282,35.08253125,5573.964813,-586.6259965,802.7132419,26.10087698,112.9968675,0.05240662409,941.863393,18708.92877,13134.96396,3.601599019e-09
23,4883.895028,512.9998844,5396.894912,604.9041165,706.1297314,22.7846824,109.800781,0.04565665888,838.7608515,18713.39834,13316.50343,3.629793355e-09
23.2,3284.470493,2178.91984,5463.390333,1380.91305,472.560118,15.57756204,82.61226963,0.03122261692,570.7811722,18922.69993,13459.3096,3.67526809e-09
23.4,1474.408333,4198.016284,5672.424617,1400.266615,209.9853554,7.343136917,44.51167584,0.01477385671,261.8549421,19214.48555,13542.06093,3.68891051e-09
23.6,241.4765835,5620.516625,5861.993208,676.0318824,33.12144965,1.409382391,12.60841316,0.002886176298,47.14213137,19432.44439,13570.45118,3.710738383e-09
23.8,73.01480587,5812.116752,5885.131558,-442.7204796,11.56567545,0.2161065011,0.01478566777,0.0003956707246,11.79696328,19458.20726,13573.0757,3.717104846e-09
24,957.4699759,4718.806586,5676.276562,-1440.236481,141.5360216,4.307599298,10.24426621,0.008420534106,156.0963076,19263.60964,13587.33308,3.697095963e-09
24.2,2419.911101,2858.233669,5278.14477,-1872.373279,352.2324809,12.09354254,36.36981454,0.02387505349,400.719713,18920.43873,13642.29396,3.726199793e-09
24.4,3760.014949,1058.454405,4818.469354,-1563.87126,541.5710354,20.48414826,64.92832969,0.04068946189,627.0242028,18564.83128,13746.36192,3.749846655e-09
24.6,4373.57769,75.5600066,4449.137697,-677.4924392,623.3451887,26.14109196,82.42217222,0.05224384308,731.9606967,18334.00877,13884.87107,3.777131496e-09
24.8,4010.410322,266.3663739,4276.776696,370.9910574,564.1393255,26.82830802,81.29488431,0.05402071946,672.3165385,18304.77522,14027.99852,3.821696737e-09
25,2860.270236,1456.194235,4316.464472,1107.821382,394.4825656,22.30544432,62.77461499,0.04539135922,479.6080163,18461.26044,14144.79597,3.860805009e-09
25.2,1441.753476,3046.705359,4488.458836,1214.802268,191.2443606,14.39918815,35.60892753,0.02981315164,241.2822895,18705.22713,14216.76829,3.850800567e-09
25.4,356.675851,4300.947239,4657.62309,665.4574611,41.08905044,6.231850189,11.62020465,0.01337581665,58.9544811,18902.73814,14245.11505,3.865352483e-09
25.6,25.86967344,4670.223414,4696.093087,-273.6234557,2.28401258,0.9364568482,0.3176728699,0.002314440312,3.540456738,18945.04316,14248.95007,3.85716703e-09
25.8,521.2878074,4018.908405,4540.196213,-1171.412578,81.49843333,0.3956569725,4.995507981,0.0005223493892,86.89012063,18796.11902,14255.9228,3.861714504e-09
26,1558.990483,2657.500932,4216.491415,-1628.906257,234.4375863,4.52206403,21.86021868,0.008076515008,260.8279455,18506.31887,14289.82745,3.878085408e-09
26.2,2643.87516,1182.785733,3826.660894,-1454.035877,388.2251021,11.36194927,42.26859106,0.02134823457,441.8769907,18187.38204,14360.72114,3.890818334e-09
26.4,3293.38065,206.311232,3499.691882,-738.9824517,474.340549,17.9556414,56.81724383,0.03460434435,549.1480385,17961.26517,14461.57329,3.891727829e-09
26.6,3239.906969,93.95748767,3333.864456,190.0680138,457.3530846,21.57580794,59.36893866,0.04239368831,538.3402249,17906.24918,14572.38473,3.913100954e-09
26.8,2528.665257,825.872266,3354.537523,923.6497652,347.6651071,20.81977592,49.32989903,0.0417141054,417.8564962,18024.02867,14669.49115,3.91219146e-09
27,1477.989083,2027.630187,3505.61927,1150.546754,194.1393853,16.11100511,31.40495879,0.03308348393,241.6884327,18241.38807,14735.7688,3.946297511e-09
27.2,528.8654842,3148.201445,3677.066929,790.0656402,61.19752487,9.427898957,13.18808647,0.02012711048,83.83363741,18444.48318,14767.41625,3.954482963e-09
27.4,54.06822068,3700.87457,3754.94279,19.69926485,1.037610444,3.408177019,1.797726657,0.007924950168,6.25143907,18529.68327,14774.74048,3.958120942e-09
27.6,208.3590156,3462.980755,3671.33977,-809.7620556,32.77834536,0.231822606,1.023294551,0.0008654614498,34.03432798,18448.38594,14777.04617,3.973582352e-09
27.8,878.1672916,2554.35722,3432.524512,-1330.950879,136.5762109,0.7596478618,10.08139657,0.0009199523145,147.4181753,18226.66465,14794.14014,3.966306394e-09
28,1744.319197,1369.64311,3113.962308,-1318.666431,264.0563589,4.273265049,24.31584717,0.007026714963,292.6524979,17952.12202,14838.15971,3.97221811e-09
28.2,2424.680609,400.918847,2825.599456,-782.7261445,359.7090351,8.890181922,37.36981249,0.01577010319,405.9847997,17734.6347,14909.03525,3.989953257e-09
28.4,2633.802842,29.58827596,2663.391118,42.39859412,383.8955457,12.43746324,43.83348144,0.02298404409,440.1894745,17658.588,14995.19688,3.986770025e-09
28.6,2294.201482,374.1178677,2668.31935,803.4110668,328.1304685,13.38451347,41.29351318,0.02554207074,382.8340373,17747.23753,15078.91818,3.976765584e-09
28.8,1557.514834,1252.652671,2810.167504,1181.717504,217.0073544,11.43393146,31.0523938,0.02256473237,259.5162444,17954.04033,15143.87283,3.978129826e-09
29,732.2065333,2269.990285,3002.196818,1028.412488,96.77099259,7.541008299,17.36397006,0.01557575179,121.6915467,18183.94541,15181.74859,3.991772246e-09
29.2,151.6511694,2987.932909,3139.584078,424.3198792,15.7820991,3.394001279,5.60161213,0.007622337025,24.78533485,18334.90485,15195.32077,3.979494068e-09
29.4,38.07591529,3106.593238,3144.669153,-358.3322838,4.990267984,0.619883708,0.1310515739,0.001821737967,5.743025004,18341.59912,15196.92996,4.004050425e-09
29.6,416.6170091,2583.064334,2999.681343,-974.3452392,66.10204486,0.08313467942,2.699594232,1.224126151e-05,68.88478601,18202.85592,15203.17458,4.014964361e-09
29.8,1111.540417,1641.846572,2753.386989,-1152.875724,171.778764,1.579638417,11.89965692,0.002090688816,185.2601501,17981.46794,15228.08095,4.029971024e-09
30,1823.118851,676.2507766,2499.369627,-811.454391,277.3567405,4.031904089,23.83702559,0.006271247999,305.2319414,17776.88847,15277.51884,4.032699508e-09
30.2,2252.105335,83.4927527,2335.598087,-89.40749065,339.1435902,6.060065367,33.69576109,0.01007129437,378.909488,17682.63922,15347.04114,4.025878297e-09
30.4,2221.122505,101.4862542,2322.608759,712.4574134,331.9509725,6.641662471,37.59045401,0.01151726684,376.1946063,17746.52478,15423.91602,4.061803338e-09
30.6,1744.798483,713.1565333,2457.955016,1259.934922,258.9947766,5.551559875,34.0221355,0.01000103848,298.578473,17950.40905,15492.45404,4.071353032e-09
30.8,1021.580729,1655.975315,2677.556044,1327.282519,150.3712908,3.39429908,24.41728691,0.006419711427,178.1892965,18218.01117,15540.45513,4.088633432e-09
31,351.390971,2531.81657,2883.20754,893.2907897,50.79826858,1.242146027,12.56597689,0.002590969572,64.60898247,18447.39747,15564.18993,4.117282515e-09
31.2,12.5487794,2971.987773,2984.536552,151.0762548,1.49418975,0.07628816304,3.169812734,0.0002772786727,4.740567925,18554.46688,15569.93032,4.104549589e-09
31.4,147.4591564,2790.174378,2937.633535,-572.9573958,23.37786551,0.3109463671,0.03167034975,0.0003168056678,23.72079903,18509.05143,15571.4179,4.096364137e-09
31.6,703.2222245,2060.755776,2763.978,-957.468623,108.313943,1.626190311,4.558098323,0.002277860651,114.5005095,18348.25261,15584.27461,4.111825547e-09
31.8,1451.731617,1089.80079,2541.532406,-823.8336731,222.0412997,3.17572304,15.14881216,0.004776340357,240.3706112,18161.12501,15619.59261,4.13183443e-09
32,2082.163747,289.4441282,2371.607875,-214.5933935,317.8339543,4.050422632,27.73850971,0.00626275949,349.6291494,18050.90913,15679.30126,4.153207556e-09
32.2,2329.291833,6.133064042,2335.424897,621.6984628,355.6028337,3.756687919,37.33192947,0.00585967797,396.6973108,18090.66428,15755.23938,4.206412996e-09
32.4,2085.562835,373.2802877,2458.843122,1334.435268,318.7734613,2.467754006,39.98088891,0.003818358781,361.2259226,18291.24024,15832.39712,4.261892173e-09
32.6,1450.040307,1250.461105,2700.501412,1620.865667,221.9027987,0.924141157,34.44258627,0.001366208584,257.2708923,18595.59647,15895.09505,4.229150363e-09
32.8,691.8660982,2276.951998,2968.818096,1358.336657,105.5246267,0.03703303522,22.8301788,3.046719567e-05,128.391869,18902.4336,15933.6155,4.265530151e-09
33,140.6632777,3020.323116,3160.986394,661.2318372,19.85870782,0.39815399,9.920280476,0.0007921435395,30.17793443,19109.50848,15948.52209,4.243247531e-09
33.2,47.45543315,3160.020065,3207.475498,-164.0096149,3.759799223,1.948125104,1.305463545,0.003513969817,7.016901842,19158.23719,15950.76169,4.218691174e-09
33.4,474.0530991,2628.76841,3102.821509,-748.8565587,67.61815591,3.978181195,1.076751896,0.006951736262,72.68004074,19060.1604,15957.33889,4.241428542e-09
33.6,1259.463551,1649.562946,2909.026497,-823.0820255,187.711659,5.474474921,9.980201157,0.009364598417,203.1756997,18893.25042,15984.22393,4.268258635e-09
33.8,2081.274195,648.2345879,2729.508783,-336.017538,315.0226455,5.640516056,24.87500258,0.009431025568,345.5475951,18768.92691,16039.41813,4.268258635e-09
34,2589.905381,74.46999027,2664.375371,515.8782378,395.4633199,4.337195217,39.83470662,0.007007100187,439.6422288,18783.55621,16119.18083,4.311004886e-09
34.2,2560.788987,205.4544935,2766.243481,1370.046519,393.31431,2.21064936,48.54786629,0.003321826755,444.0761475,18975.45267,16209.20919,4.299181455e-09
34.4,1998.66032,1017.416509,3016.076829,1854.706608,307.7812935,0.4245047157,47.07009557,0.0004689908614,355.2763628,19306.57595,16290.49912,4.28462954e-09
34.6,1145.501343,2184.663948,3330.165291,1754.040914,174.9882407,0.1068180817,35.73579053,0.000403541078,210.8312528,19677.71297,16347.54768,4.302819434e-09
34.8,383.5246596,3212.358546,3595.883205,1108.240023,53.70272483,1.770230158,19.30497416,0.003913738719,74.78184289,19971.27599,16375.39278,4.309640644e-09
35,70.79513205,3650.240349,3721.035481,201.7334808,0.2280997812,4.992317498,5.133328318,0.01008478685,10.36383038,20103.33935,16382.30387,4.317371349e-09
35.2,379.4334683,3295.734167,3675.167636,-558.387295,43.0828787,8.532869699,0.03249785835,0.01656255058,51.66480881,20061.86151,16386.69387,4.288722266e-09
35.4,1209.31926,2294.923675,3504.242936,-822.2701702,168.8379261,10.86279838,7.144900482,0.02055496646,186.8661799,19913.57355,16409.33061,4.280536814e-09
35.6,2220.422274,1091.091142,3311.513416,-456.1138213,326.1364349,10.87841245,24.26480806,0.02014452529,361.2997999,19775.61717,16464.10376,4.309185897e-09
35.8,2975.614115,236.7509801,3212.365095,392.444845,447.0964077,8.471050529,44.49058186,0.01530340216,500.0733435,19763.80873,16551.44363,4.32919478e-09
36,3134.991528,147.7963901,3282.787918,1354.5613,477.3270272,4.669698531,59.08482195,0.008100569724,541.0896482,19940.30618,16657.51827,4.351022653e-09
36.2,2615.720698,908.751363,3524.472061,2002.137352,401.330554,1.258247518,61.38111709,0.001936931385,463.9718555,20284.35127,16759.8792,4.354660632e-09
36.4,1642.231426,2220.373955,3862.60538,2040.619607,251.4052793,0.009710036969,49.9957202,9.058494836e-05,301.4108002,20699.92032,16837.31494,4.386492947e-09
36.6,657.753361,3520.327671,4178.081032,1445.68111,95.0764322,1.867269479,29.79517309,0.004196198842,126.743071,21057.69605,16879.61502,4.414687282e-09
36.8,130.5836688,4229.733492,4360.317161,480.0283495,5.714118257,6.446664608,10.01098295,0.01335517985,22.185121,21253.07004,16892.75288,4.425601219e-09
37,339.1157692,4018.128747,4357.244516,-420.3287856,29.03836478,12.10859753,0.1936374976,0.02432871209,41.36492852,21254.11115,16896.86663,4.404682841e-09
37.2,1234.178653,2965.592236,4199.770888,-841.4971741,160.8085824,16.60345653,5.767990519,0.03279978553,183.2128293,21117.38116,16917.61027,4.385583452e-09
37.4,2446.623607,1542.488459,3989.112066,-581.2388857,346.6036363,18.03088368,25.26070922,0.0352049049,389.9304341,20963.66538,16974.55331,4.394678399e-09
37.6,3443.984994,408.017772,3852.002766,254.4301165,504.8670515,15.70121995,50.61350994,0.03035106979,571.2121325,20923.87125,17071.86849,4.419689503e-09
37.8,3770.579227,112.9437567,3883.522984,1294.014057,563.5866463,10.50945433,70.61934401,0.0200871441,644.7355317,21079.26799,17195.74501,4.461981007e-09
38,3262.972681,840.3535906,4103.326271,2066.049668,494.1257352,4.631605729,76.0343091,0.008681906114,574.8003319,21423.37164,17320.04537,4.474713933e-09
38.2,2138.858263,2306.606796,4445.46506,2213.780137,326.2683683,0.6458374357,64.03288689,0.001116325178,390.9482089,21863.40794,17417.94288,4.492903827e-09
38.4,911.7928687,3875.27266,4787.065529,1661.10867,136.6141223,0.438864467,39.85300474,0.0009844848413,176.906976,22261.43635,17474.37082,4.546564014e-09
38.6,163.8065836,4839.640227,5003.44681,652.3467313,14.62423966,4.366354312,14.70005077,0.008897634395,33.69954238,22496.94305,17493.49624,4.544745025e-09
38.8,276.2513229,4748.693975,5024.945298,-355.0162249,21.3228563,11.04136365,0.7177979465,0.02210080598,33.10411871,22522.45369,17497.5084,4.54383553e-09
39,1243.478367,3625.991148,4869.469515,-897.7399093,159.7540053,17.86318514,5.279578274,0.03551026581,182.9322789,22386.40061,17516.93109,4.544745025e-09
39.2,2660.403239,1975.06882,4635.472059,-720.3959183,371.5401912,22.08082538,27.29089592,0.04377297692,420.9556855,22212.13573,17576.66368,4.563844413e-09
39.4,3896.92839,560.9923,4457.92069,103.6045522,562.145447,21.94872294,57.3601307,0.04349835889,641.497799,22142.05844,17684.13775,4.596586223e-09
39.6,4384.587001,62.30065658,4446.887658,1201.102506,643.9932954,17.48240591,81.92560811,0.0347178053,743.4360272,22272.12116,17825.23351,4.644789442e-09
39.8,3884.8222,751.8701445,4636.692345,2067.397311,577.7511011,10.4839741,89.5341535,0.02093732175,677.7901661,22606.85138,17970.15903,4.638422979e-09
40,2611.934588,2357.197519,4969.132107,2297.8444,392.2535962,3.814723964,76.35747163,0.007736715744,472.4335285,23056.01146,18086.87936,4.680259735e-09
40.2,1147.620579,4171.397537,5319.018116,1776.461552,172.9675266,0.2137865562,48.27934217,0.0004857221827,221.461141,23475.05238,18156.03427,4.724824976e-09
40.4,180.1838199,5370.688821,5550.872641,733.4354675,23.44974142,1.158450895,18.42757228,0.002128209734,43.0378928,23731.24497,18180.37233,4.783032637e-09
40.6,185.447636,5395.663973,5581.111609,-357.0409049,17.17672911,6.247811132,1.168219996,0.01196435414,24.60472459,23765.19795,18184.08634,4.812136467e-09
40.8,1197.79436,4219.332192,5417.126552,-993.4152941,162.2150343,13.37113244,5.313574067,0.02594360559,180.9256844,23619.18325,18202.0567,4.841240298e-09
41,2781.875369,2373.052839,5154.928209,-878.8810507,395.7805208,19.58974342,29.76673607,0.03834509979,445.1753454,23418.70357,18263.77536,4.826688382e-09
41.2,4224.093372,711.7964836,4935.889856,-61.37106729,612.0561723,22.35900564,63.76179852,0.04413828654,698.2211148,23315.26458,18379.37472,4.841240298e-09
41.4,4859.721125,22.31048102,4882.031606,1084.732472,710.9732478,20.57464149,91.72124643,0.04103406315,823.3101698,23416.43033,18534.39872,4.896719474e-09
41.6,4385.179851,654.2877583,5039.467609,2028.601034,645.413825,15.00586453,100.53848,0.03037488162,760.9885444,23735.46866,18696.00105,4.954017641e-09
41.8,3008.113795,2348.139758,5356.253553,2327.486505,444.4897955,7.941572631,85.86909499,0.01650955777,538.3169727,24184.1794,18827.92585,4.938556231e-09
42,1360.856115,4344.439997,5705.296112,1833.024182,201.3674736,2.210819349,54.39887425,0.004939833841,257.9821071,24612.71138,18907.41526,5.00222086e-09
42.2,212.8273779,5729.439943,5942.267321,763.0617658,30.64706057,0.0007049991574,20.9080585,3.642523957e-05,51.5558605,24878.38923,18936.12191,5.014044291e-09
42.4,113.0488266,5859.090808,5972.139634,-395.7594521,14.83053122,1.972534487,1.416013125,0.003286777008,18.22236561,24911.90398,18939.76435,5.04860509e-09
42.6,1129.588005,4664.061695,5793.649701,-1111.125718,164.9642531,7.040125133,5.595799894,0.01279083156,177.6129689,24750.12107,18956.47137,5.044057616e-09
42.8,2810.211735,2690.650171,5500.861907,-1051.466505,414.2984661,12.88498119,32.0644723,0.02417744125,459.2720971,24519.96041,19019.09851,5.044057616e-09
43,4386.424671,854.2127104,5240.637381,-241.4590315,648.5075629,16.96869003,68.85005854,0.03251089828,734.3588224,24380.37668,19139.7393,5.034962669e-09
43.2,5128.713221,16.5159024,5145.229124,946.3745474,758.7730767,17.59882097,98.90324099,0.03435326377,875.309492,24448.98483,19303.7557,5.064066499e-09
43.4,4688.166174,582.7902927,5270.956466,1961.458526,693.0069982,14.59587998,108.1087885,0.02911109952,815.7407778,24747.23238,19476.27591,5.091351341e-09
43.6,3263.769449,2307.650895,5571.420344,2328.851932,481.0209309,9.294186797,92.01782952,0.0191303072,582.3520775,25189.69206,19618.27171,5.103174772e-09
43.8,1514.732774,4403.273143,5918.005917,1869.792729,221.4435291,3.903615046,58.077822,0.008555042927,283.4335212,25622.77935,19704.77344,5.10863174e-09
44,256.3207393,5902.313174,6158.633914,786.58994,36.1141431,0.5317286974,22.24200931,0.0014917573,58.88937286,25895.31659,19736.68268,5.125002644e-09
44.2,79.9569301,6107.956642,6187.913572,-428.405734,13.10409515,0.2996197496,1.506067262,0.0002920883905,14.91007425,25928.4777,19740.56413,5.120455171e-09
44.4,1075.30077,4921.019059,5996.319829,-1218.689433,165.098315,2.926191234,5.876781395,0.004679939287,173.9059676,25752.72178,19756.40195,5.125002644e-09
44.6,2785.480284,2889.965583,5675.445867,-1220.522577,422.8655366,6.936784402,33.58203003,0.01205046431,463.3964015,25494.41705,19818.97118,5.116817192e-09
44.8,4417.964793,958.5648962,5376.529689,-432.1135215,667.1587076,10.37410901,71.8219795,0.01874669902,749.3735428,25318.05393,19941.52424,5.160472938e-09
45,5213.541615,27.52562134,5241.067236,783.6703476,784.2992387,11.67625705,102.7443041,0.02170580365,898.7415056,25350.53164,20109.46441,5.176843842e-09
45.2,4801.085252,534.3089363,5335.394188,1865.079594,719.4522854,10.32940569,111.8427051,0.01973794172,841.6441341,25622.42412,20287.02993,5.203219189e-09
45.4,3371.779242,2247.739899,5619.519141,2309.815255,502.5512399,7.020904634,94.81311133,0.01390127918,604.3991572,26053.43312,20433.91398,5.246874935e-09
45.6,1590.69094,4374.165987,5964.856927,1906.90432,234.5885521,3.252726953,59.61690214,0.006863813066,297.465045,26488.92361,20524.06669,5.247784429e-09
45.8,286.6662984,5926.324274,6212.990573,834.9599542,40.58113747,0.6170444119,22.76169138,0.001597452857,63.96147072,26770.86648,20557.87591,5.254150892e-09
46,65.54130087,6183.029905,6248.571206,-418.8927023,11.19098634,0.07671499565,1.546040069,2.822750977e-05,12.81376963,26810.58001,20562.0088,5.258698366e-09
46.2,1027.680882,5025.093851,6052.774733,-1282.445735,160.3433772,1.574414171,5.925667611,0.00225171864,167.8457107,26629.74808,20576.97335,5.285073712e-09
46.4,2721.898789,2990.637645,5712.536433,-1361.462136,418.7005616,4.129774283,33.8378184,0.006634197351,456.6747885,26350.75013,20638.2137,5.318725016e-09
46.6,4356.947641,1024.136554,5381.084195,-621.2227599,666.0379247,6.354167333,72.18380971,0.01069977912,744.5866015,26140.66483,20759.58063,5.313268048e-09
46.8,5171.165242,36.5858313,5207.751074,597.0913927,787.3432321,7.124644491,102.9960971,0.01234889644,897.4763225,26134.64921,20926.89814,5.326000974e-09
47,4787.154193,482.1390239,5269.293217,1732.787416,726.3819234,6.096589661,111.8738151,0.01082335318,844.3631515,26373.90471,21104.6115,5.329638952e-09
47.2,3385.980216,2148.378194,5534.35841,2262.894298,511.7237163,3.823020398,94.71357836,0.006979282135,610.2672944,26786.73849,21252.38008,5.336005415e-09
47.4,1620.404857,4257.16203,5877.566887,1941.975479,243.1789644,1.44147875,59.58301392,0.002773689829,304.2062308,27221.4102,21343.84331,5.386027624e-09
47.6,308.918517,5827.934336,6136.852853,914.4025248,45.12889067,0.0943113913,22.88495472,0.0002457652539,68.10840255,27515.65803,21378.80518,5.380570656e-09
47.8,54.38365674,6133.400081,6187.783737,-352.2461209,8.647286764,0.3689227069,1.646260737,0.0005039435669,10.66297415,27570.9774,21383.19366,5.399670044e-09
48,965.3416908,5035.379551,6000.721242,-1281.75433,149.4126007,2.026774546,5.569312709,0.003209836694,157.0118978,27397.6009,21396.87966,5.41240297e-09
48.2,2608.960357,3045.584606,5654.544963,-1453.081455,400.8838046,4.144944211,32.56552506,0.006796295452,437.6010702,27109.63812,21455.09316,5.426045391e-09
48.4,4215.767105,1084.845976,5300.61308,-792.4200825,645.6676538,5.592882502,69.82691821,0.009294832638,721.0967494,26872.72781,21572.11473,5.440597306e-09
48.6,5039.008184,54.48810962,5093.496293,394.1823937,770.2283067,5.606001411,99.88241137,0.009352275163,875.7260717,26828.29422,21734.79792,5.462425179e-09
48.8,4700.447731,419.8206739,5120.268405,1561.941147,717.3748818,4.173097374,108.7635753,0.006928598186,830.318483,27029.11868,21908.85027,5.516994861e-09
49,3362.29696,1998.468785,5360.765745,2176.90477,512.2266597,2.046773134,92.45352021,0.003327845434,606.7302809,27415.61917,22054.85342,5.51881385e-09
49.2,1647.249729,4049.723871,5696.9736,1959.408566,249.8871916,0.3702456398,58.63930691,0.0005434720897,308.8972876,27843.48817,22146.51457,5.524270819e-09
49.4,346.2226799,5620.919411,5967.142091,1010.257607,50.91304271,0.1017662486,23.01265284,0.0002389111467,74.02770071,28149.82377,22182.68168,5.525180313e-09
49.6,51.32034924,5988.434893,6039.755242,-237.2830703,5.494884681,1.519050322,1.908305434,0.002869155045,8.925109592,28227.38562,22187.63038,5.519723345e-09
49.8,884.5795939,4988.88564,5873.465234,-1216.718961,132.2424409,4.051297785,4.744099428,0.007388555999,141.0452267,28073.07966,22199.61442,5.472429621e-09
50,2446.714215,3088.934311,5535.648527,-1486.953995,370.4067523,6.53083804,29.76635953,0.01171011051,406.71566,27788.74325,22253.09472,5.451511242e-09
50.2,4006.891691,1164.383838,5171.27553,-932.059769,608.7114932,7.753247649,65.01806085,0.01371432136,681.496516,27534.18994,22362.91441,5.454239727e-09
50.4,4843.044975,93.48749566,4936.53247,188.3509858,737.0561958,7.080827126,93.99957028,0.01232752628,838.1489207,27454.21921,22517.68674,5.500623956e-09
50.6,4574.003667,353.6572173,4927.660884,1359.912207,697.0175703,4.79457061,103.3327421,0.008137199939,805.1530203,27612.98477,22685.32388,5.54973667e-09
50.8,3330.664048,1806.829569,5137.493617,2049.11432,507.9724981,2.011449488,88.86226346,0.003216715395,598.8494277,27965.50135,22828.00773,5.564288585e-09
51,1689.637457,3769.69585,5459.333307,1945.639935,257.2051592,0.1872524051,57.41351765,0.0002034603959,314.8061327,28378.93364,22919.60033,5.560650607e-09
51.2,403.1167958,5332.986519,5736.103315,1101.245149,59.06066348,0.4259176589,23.47775519,0.001039088599,82.96537542,28693.57415,22957.47083,5.574293027e-09
51.4,51.79479844,5780.287356,5832.082155,-96.94273434,2.312193279,2.918658542,2.441182772,0.005964100055,7.677998693,28795.4774,22963.39525,5.574293027e-09
51.6,781.0660371,4913.346192,5694.412229,-1105.0205,109.9944165,6.788477009,3.528865522,0.01326668665,120.3250257,28667.68623,22973.274,5.582478479e-09
51.8,2240.127156,3136.356355,5376.483511,-1470.279033,329.8549064,10.43539396,25.70029453,0.01995110905,366.010546,28397.01894,23020.53543,5.566107575e-09
52,3748.848605,1264.019132,5012.867737,-1035.392307,559.2846199,12.24522319,58.31446805,0.02306258497,629.8673737,28133.77289,23120.90515,5.593392416e-09
52.2,4612.749528,144.8509396,4757.600467,-6.714498339,692.7925965,11.34724891,86.16289671,0.02108176852,790.3238239,28023.07448,23265.47401,5.638867151e-09
52.4,4440.042261,274.1212625,4714.163524,1142.832251,670.027282,8.068675249,96.48343108,0.01473853019,774.5941268,28139.26138,23425.09786,5.663423508e-09
52.6,3316.140073,1572.889433,4889.029506,1890.524408,502.4922387,3.858714965,84.71766125,0.006832101762,591.075447,28452.97623,23563.94672,5.70253178e-09
52.8,1758.344291,3431.282913,5189.627204,1900.822342,267.1882006,0.6905692565,56.41978991,0.001084628312,324.2996444,28845.51896,23655.89176,5.718902685e-09
53,474.7511006,4992.470019,5467.221119,1175.112274,70.65019203,0.1905598773,24.53414654,0.0005023821097,95.37540082,29163.45594,23696.23482,5.693436833e-09
53.2,40.0081864,5544.810897,5584.819083,47.45105467,0.2124486468,2.879642036,3.379544521,0.00596769346,6.477602897,29288.34902,23703.52994,5.729816621e-09
53.4,636.4000987,4842.680101,5479.080199,-970.0186819,84.80247275,7.877516545,2.140324141,0.01571331518,94.83602675,29189.91313,23710.83293,5.767105904e-09
53.6,1976.596192,3211.647003,5188.243195,-1420.401709,282.8271763,13.22376808,20.82064972,0.02595997434,316.8975541,28938.76159,23750.51839,5.757101462e-09
53.8,3440.138904,1393.650754,4833.789659,-1107.813096,502.128915,16.69761451,50.43386875,0.03248494797,569.2928832,28673.43224,23839.64258,5.756191968e-09
54,4358.527107,206.1119336,4564.639041,-182.9659003,642.4118609,16.7890838,77.24369971,0.03246176909,736.4771062,28537.09919,23972.46015,5.737092579e-09
54.2,4317.750189,171.7807605,4489.53095,928.6651896,640.5912937,13.39429657,89.0516694,0.02576426151,743.0630239,28612.88489,24123.35394,5.783476809e-09
54.4,3341.523897,1286.780417,4628.304314,1721.869832,498.5837521,7.916349371,80.65312298,0.01513692267,587.1683614,28886.98563,24258.68131,5.79348125e-09
54.6,1874.600337,3029.28827,4903.888607,1840.523508,281.3595146,2.707477184,56.02879212,0.005115544004,340.1008994,29255.93797,24352.04937,5.828042049e-09
54.8,576.8882447,4601.283092,5178.171337,1236.633916,86.68586111,0.0779471079,26.36461662,0.0001298450118,113.1285547,29574.25801,24396.08667,5.812580639e-09
55,23.9592153,5291.088003,5315.047219,188.7128714,0.6737379248,1.29434033,4.885360385,0.002592190051,6.85603083,29720.52565,24405.47843,5.799847713e-09
55.2,449.8770118,4791.995502,5241.872513,-827.2175666,59.33257443,6.004917412,0.8898195413,0.01180404391,66.23911543,29651.92145,24410.04894,5.788024282e-09
55.4,1646.959392,3334.641472,4981.600865,-1354.233767,233.2521604,12.35225421,15.67355786,0.02417482277,261.3021473,29422.76194,24441.16108,5.790752766e-09
55.6,3064.835414,1576.590942,4641.426356,-1160.228929,441.8464206,17.73808191,42.11627841,0.03468715414,501.735468,29159.06523,24517.63888,5.811671144e-09
55.8,4061.304929,302.2349879,4363.539917,-340.2538528,590.2507738,19.9203426,68.03327537,0.03900032658,678.2433921,29001.06238,24637.52246,5.823494575e-09
56,4190.513667,70.10973812,4260.623405,729.4735575,611.9765268,17.97323056,81.71159133,0.0352976206,711.6966463,29039.86969,24779.24629,5.836227501e-09
56.2,3399.259637,966.0688049,4365.328442,1563.653572,498.1754463,12.69458622,77.11775617,0.02508178152,588.0128705,29276.8885,24911.56006,5.846231943e-09
56.4,2045.376647,2570.982343,4616.35899,1787.409532,300.6950624,6.280147067,56.46975487,0.01256759153,363.4575319,29623.98194,25007.62295,5.853507901e-09
56.6,732.7949463,4154.246394,4887.041341,1304.057061,108.01652,1.399675953,29.08969627,0.002921030484,138.5088132,29943.96121,25056.91987,5.873516784e-09
56.8,39.49654638,5003.575946,5043.072492,336.2358485,5.252546083,0.06878204357,7.127141864,9.109212691e-05,12.44856108,30112.79828,25069.72579,5.898982636e-09
57,260.9121232,4742.235389,5003.147512,-676.8901769,36.27260909,2.79933362,0.1148641327,0.005157019518,39.19196386,30075.39515,25072.24763,5.905349099e-09
57.2,1282.458618,3492.686967,4775.145585,-1278.886753,184.7619694,8.39154641,10.79107282,0.01589313199,203.9604817,29869.89342,25094.74783,5.895344657e-09
57.4,2635.823557,1816.002067,4451.825624,-1201.443752,382.3280615,14.45408741,34.00920286,0.02773081765,430.8190826,29609.85906,25158.03344,5.928086466e-09
57.6,3711.324597,457.0223349,4168.346932,-483.6562648,539.6327272,18.42528664,59.15475384,0.03569915264,617.2484668,29432.68164,25264.33471,5.995389074e-09
57.8,4030.003969,11.06313629,4041.067105,547.6470353,586.3856879,18.65488464,74.93381189,0.03651072843,680.0108952,29437.62393,25396.55682,5.980837159e-09
58,3454.159627,661.1415671,4115.301194,1426.637958,502.3320003,15.08381981,74.37646763,0.02990571333,591.8221934,29641.41871,25526.11752,6.019945431e-09
58.2,2244.043512,2101.408287,4345.451798,1758.632743,325.6269451,9.237479464,57.84648064,0.01869514343,392.7296003,29971.22954,25625.77774,6.026311894e-09
58.4,937.7722902,3678.407905,4616.180195,1396.989164,135.1994164,3.546588731,32.76752527,0.007508443171,171.5210388,30297.89461,25681.71442,6.05450623e-09
58.6,109.8907953,4684.900217,4794.791012,507.6669742,15.25803864,0.2985597279,10.24286635,0.0008037804118,25.80026849,30494.29088,25699.49986,6.033587852e-09
58.8,116.822556,4674.248192,4791.070748,-506.8016896,17.87726745,0.675540235,0.1062256913,0.001004049976,18.66003743,30492.48976,25701.41901,6.035406841e-09
59,941.7765846,3655.877772,4597.654356,-1189.065488,140.2406865,4.288948006,6.603854275,0.007548566415,151.1410373,30314.07149,25716.41714,6.038135325e-09
59.2,2206.356305,2086.564794,4292.921099,-1232.447582,326.4372777,9.397386263,26.59526248,0.01723912303,362.4471656,30060.13194,25767.21084,6.046320777e-09
59.4,3341.774276,663.5731836,4005.34746,-618.0194865,492.7467277,13.69559791,51.02682192,0.02569375439,557.4948413,29865.64036,25860.2929,6.079517334e-09
59.6,3842.302645,13.23176103,3855.534406,377.8309021,564.9919456,15.3183019,68.9872771,0.02925070597,649.3267754,29838.7528,25983.21839,6.066329661e-09
59.8,3488.229884,413.809929,3902.039813,1308.210153,511.3312577,13.61951081,72.53267587,0.02649102433,597.5099354,30012.33654,26110.29673,6.062691682e-09
60,2440.264936,1675.034154,4115.29909,1756.560791,356.0394986,9.398039117,60.15455354,0.01873928571,425.6108305,30329.39148,26214.09239,6.044501788e-09
60.2,1165.001126,3226.2071,4391.208226,1523.391772,168.3489165,4.490677908,37.38467507,0.009365563687,210.233635,30668.80686,26277.59863,6.056325219e-09
60.4,225.9056022,4372.214132,4598.119734,715.3600824,31.47575216,0.9325730293,14.29992661,0.002237988277,46.71048978,30899.818,26301.69827,6.089067028e-09
60.6,33.25921386,4602.80059,4636.059804,-302.9380282,5.661312624,0.06688344163,1.050486028,3.210165277e-05,6.778714195,30940.71169,26304.65188,6.111804396e-09
60.8,663.7713037,3817.808476,4481.57978,-1072.632684,101.5997575,1.995004686,3.38962868,0.003139107757,106.98753,30795.47823,26313.89845,6.080881576e-09
61,1828.99516,2369.181031,4198.176191,-1246.29658,275.9370399,5.595201966,20.16664881,0.009623998454,301.7085146,30552.0216,26353.84541,6.05450623e-09
61.2,3005.462176,902.2270668,3907.689243,-743.6207352,450.7178361,9.078560795,43.87044815,0.01620502237,503.68305,30342.76113,26435.07189,6.050413504e-09
61.4,3668.011173,67.56143627,3735.572609,212.5665528,548.0756006,10.81434048,63.96806729,0.01977621591,622.8777846,30285.28536,26549.71275,6.124082574e-09
61.6,3522.583261,232.0156979,3754.598959,1196.011364,524.7659886,10.04685189,71.55888304,0.01877344936,606.3904969,30429.63455,26675.03559,6.127265806e-09
61.8,2635.52999,1316.695649,3952.225639,1767.865715,391.2662913,7.188270944,63.29469349,0.01378281111,461.7630386,30735.81828,26783.59264,6.162281352e-09
62,1402.671238,2833.550758,4236.221996,1673.288664,207.0254659,3.57343416,42.84473215,0.007153782771,253.450786,31091.651,26855.42901,6.168193067e-09
62.2,372.3962558,4103.62383,4476.020086,955.8517507,54.00944856,0.8090096674,19.26622714,0.001836771502,74.08652215,31362.95343,26886.93334,6.200934877e-09
62.4,1.61401584,4559.647277,4561.261293,-61.5299881,0.2828855045,0.02814480529,3.000995412,6.239207303e-06,3.312031961,31453.67775,26892.41646,6.19183993e-09
62.6,452.8854848,3998.431326,4451.316811,-920.7863522,69.76979417,1.393795644,1.261478578,0.002106009165,72.4271744,31349.04704,26897.73023,6.22094376e-09
62.8,1522.64232,2670.952758,4193.595078,-1233.67003,231.6010845,4.06886871,14.83891505,0.006736309899,250.5156046,31122.36111,26928.76604,6.233676686e-09
63,2732.207733,1170.202024,3902.409757,-855.8872533,413.7902668,6.65019446,37.74314742,0.01140037554,458.1950091,30902.34993,26999.94017,6.25868779e-09
63.2,3541.123887,166.706688,3707.830575,47.64341396,535.2021081,7.84976042,59.83937806,0.01373114841,602.9049777,30815.6109,27107.78032,6.259597285e-09
63.4,3587.99879,109.389869,3697.388659,1075.890047,541.6535318,7.098424839,71.32640247,0.01260832649,620.0909675,30929.85583,27232.46718,6.27596819e-09
63.6,2851.774117,1024.965839,3876.739955,1770.795976,430.1146142,4.792002634,67.08372385,0.008644999117,501.9989856,31223.39633,27346.65637,6.316895451e-09
63.8,1661.517768,2505.427743,4166.945512,1822.442548,250.2103776,2.073367671,48.96358455,0.0038329197,301.2511627,31594.6148,27427.66929,6.337359082e-09
64,550.0690098,3889.594299,4439.663308,1208.444543,82.27106191,0.2640572549,25.00205087,0.0005368649798,107.5377069,31907.29573,27467.63242,6.350092008e-09
64.2,16.36992686,4558.198541,4574.568467,204.8919158,1.60573882,0.2217538316,5.880520379,0.0003324223459,7.708345453,32051.60953,27477.04106,6.350092008e-09
64.4,302.2279969,4211.095101,4513.323098,-736.5105436,44.85403781,1.930769027,0.1895494393,0.003247182736,46.97760346,31993.45774,27480.13465,6.345544534e-09
64.6,1283.243945,3002.651974,4285.895919,-1190.498756,193.4316492,4.5184666,10.58993068,0.007765115745,208.5478115,31790.01013,27504.11422,6.353729987e-09
64.8,2523.138633,1474.216609,3997.355242,-949.1701512,381.5542246,6.686376566,32.58486535,0.01158508942,420.8370516,31564.34443,27566.98919,6.371919881e-09
65,3467.968799,312.9721247,3780.940924,-116.0672611,525.4064001,7.347183418,56.47163647,0.0127626388,589.2379826,31450.419,27669.47808,6.391019269e-09
65.2,3694.040342,44.3172767,3738.357619,939.1879368,560.5571457,6.160835653,71.6316822,0.01068046719,638.360344,31532.96537,27794.60775,6.408754416e-09
65.4,3098.76642,795.2645579,3894.030978,1745.911906,470.9432238,3.710746145,71.26781503,0.006374534354,545.9281595,31809.2672,27915.23622,6.479240255e-09
65.6,1948.538117,2235.358194,4183.896311,1943.416913,296.3854417,1.232030524,55.47805994,0.002050604896,353.0975828,32190.07544,28006.17913,6.491973181e-09
65.8,761.1673792,3722.700013,4483.867392,1443.479671,115.1067101,0.01758418535,31.27514661,1.530894648e-05,146.3994562,32539.40202,28055.53463,6.474692782e-09
66,74.5195785,4590.82303,4665.342608,470.9909792,8.890634482,0.7836545485,9.510130175,0.001531559426,19.18595076,32735.46285,28070.12024,6.483787729e-09
66.2,204.4739686,4448.446201,4652.92017,-536.0209093,26.36978749,3.300204047,0.04351707554,0.006153579743,29.71966219,32725.45694,28072.53677,6.493792171e-09
66.4,1101.007544,3357.400328,4458.407873,-1122.641327,160.9120457,6.470144568,7.308697348,0.01187716733,174.7027648,32549.5216,28091.11373,6.527443475e-09
66.6,2368.004742,1807.757639,4175.76238,-1021.710971,353.1702952,8.830821322,28.26330041,0.0160564857,390.2804734,32322.96251,28147.20013,6.5574568e-09
66.8,3439.275893,499.8149586,3939.090852,-274.7731668,517.371045,9.249054087,53.67746968,0.01666920505,580.3142379,32184.58862,28245.49777,6.554728316e-09
67,3832.809764,29.65163503,3862.461399,785.5140263,579.7295075,7.483066605,72.22064816,0.01333267222,659.4465549,32234.27786,28371.81646,6.567461242e-09
67.2,3369.250327,619.2739954,3988.524323,1684.191823,511.8035563,4.338888792,75.54224151,0.007573942462,591.6922606,32487.85307,28499.32875,6.57109922e-09
67.4,2255.598797,2013.491823,4269.090621,2017.546157,343.7051091,1.332951037,62.06965888,0.002195255063,407.1099143,32869.67069,28600.58007,6.58656063e-09
67.6,995.0032545,3591.522093,4586.525347,1635.375407,151.0148781,0.003080014462,37.79453493,2.665252295e-07,188.8124933,33246.41273,28659.88739,6.576556189e-09
67.8,161.6969526,4644.77677,4806.473722,709.6160939,21.04877277,1.180118075,13.65337395,0.002458145966,35.88472294,33487.00408,28680.53036,6.538357411e-09
68,141.5580725,4696.72965,4838.287722,-342.1426566,13.50810992,4.561041184,0.6417480551,0.008933243583,18.7198324,33521.72273,28683.43501,6.562004273e-09
68.2,955.4125767,3720.543604,4675.95618,-1044.349389,133.2429886,8.794841343,4.841730217,0.01686637847,146.8964265,33373.81842,28697.86224,6.558366294e-09
68.4,2246.011479,2155.008767,4401.020246,-1078.077799,327.5689365,12.06071915,24.61185754,0.0228639676,364.2643771,33149.25621,28748.23596,6.63294486e-09
68.6,3436.332688,709.6913403,4146.024029,-425.6471156,509.5983096,12.88900319,51.2407666,0.02422733753,573.7523068,32989.06052,28843.03649,6.642039807e-09
68.8,3989.247429,45.60020019,4034.847629,620.4070923,597.2827422,10.85461213,72.81357648,0.02023305204,680.9711638,33005.6597,28970.81207,6.697518984e-09
69,3651.803222,474.9640317,4126.767254,1588.635446,550.633318,6.819231248,79.57897911,0.01256417192,637.0440925,33231.95569,29105.18843,6.721165846e-09
69.2,2573.030348,1816.479191,4389.509539,2041.411371,390.2242697,2.594784238,68.39991691,0.004660215963,461.2236311,33606.20512,29216.69558,6.737536751e-09
69.4,1240.36155,3473.207842,4713.569392,1773.123148,188.3982367,0.1611927613,44.25395543,0.0002396974256,232.8136246,33999.6833,29286.11391,6.74117473e-09
69.6,261.5622878,4699.900201,4961.462489,903.9984461,36.89327558,0.7785535922,18.0633808,0.001634747461,55.73684472,34274.75816,29313.29567,6.731170288e-09
69.8,89.62032243,4940.14688,5029.767203,-173.366555,5.361010887,4.392081879,1.795556399,0.008684086519,11.55733325,34347.17582,29317.40862,6.66386768e-09
70,815.1013862,4080.841947,4895.943333,-971.1144657,109.5357959,9.607418347,3.029688687,0.01870246973,122.1916054,34224.34788,29328.40455,6.600203051e-09
70.2,2121.189548,2507.508078,4628.697626,-1127.036274,303.6194965,14.26463845,21.45825198,0.02757621282,339.3699631,34002.2009,29373.50327,6.630216376e-09
70.4,3423.645562,933.4410394,4357.086602,-569.2341156,500.5778275,16.37116352,48.94130516,0.03153085353,565.921827,33821.87629,29464.78969,6.635673344e-09
70.6,4133.956598,78.25636158,4212.21296,450.4047845,611.3767186,14.9870797,73.13175772,0.02880407883,699.5243601,33805.79119,29593.57823,6.6775101e-09
70.8,3927.152579,340.683741,4267.83632,1469.610651,585.473419,10.66805001,83.05983624,0.02047940111,679.2217846,34002.01205,29734.17573,6.701156963e-09
71,2892.346414,1614.458884,4506.805298,2025.049037,434.1331652,5.25925378,74.15030487,0.01009080567,513.5528147,34362.22537,29855.42007,6.69297151e-09
71.2,1496.197774,3332.410002,4828.607776,1862.80573,225.7935092,1.11764806,50.37459864,0.002144037286,277.2879,34763.42109,29934.81331,6.757545634e-09
71.4,374.0476646,4720.695256,5094.742921,1054.382385,55.34208145,0.09433895634,22.52257401,0.0001813733313,77.95917578,35063.57793,29968.835,6.809386832e-09
71.6,42.20000983,5149.248503,5191.448513,-34.86797328,1.089226697,2.720303026,3.341517728,0.005229117832,7.156276569,35166.14974,29974.70123,6.758455129e-09
71.8,661.731694,4419.638697,5081.370391,-911.030769,88.95529699,7.955652125,1.731848718,0.0153124984,98.65811033,35064.06148,29982.69109,6.77027856e-09
72,1961.993369,2858.690696,4820.684065,-1175.921121,280.2706644,13.61950194,18.64481072,0.02626453358,312.5612416,34843.14059,30022.45652,6.709342415e-09
72.2,3360.150009,1173.638916,4533.788925,-708.523066,488.9460303,17.32011822,46.57648062,0.03349230332,552.8761214,34643.29543,30109.5065,6.759364624e-09
72.4,4224.004501,132.9390867,4356.943588,279.1480666,620.4053443,17.4842222,72.92492167,0.03394286355,710.848431,34594.9748,30238.03121,6.839400157e-09
72.6,4159.49169,216.8714242,4376.363115,1337.613133,614.6707653,14.03810128,85.71006756,0.02741819489,714.4463523,34759.75318,30383.39007,6.883965398e-09
72.8,3191.940694,1396.959762,4588.900456,1983.913737,473.9539142,8.442922032,79.05848682,0.01666701772,561.4719901,35102.10429,30513.20383,6.92125468e-09
73,1757.590732,3145.666693,4903.257424,1921.46854,262.0395552,3.067390663,55.93847431,0.006210756282,321.0516309,35505.31175,30602.05433,6.894879334e-09
73.2,507.7793285,4673.515361,5181.29469,1175.704853,75.54864831,0.1696574213,26.86878458,0.0004102700713,102.5875006,35824.40485,30643.11016,6.874870451e-09
73.4,13.74627059,5287.019663,5300.765934,83.40348444,0.02490790793,0.9303456981,5.159593208,0.001608821342,6.116455635,35952.11755,30651.35161,6.902155292e-09
73.6,506.0079935,4704.984174,5210.992168,-859.8505972,70.81677481,4.955247626,0.8395083531,0.009151384597,76.62068217,35867.85908,30656.86692,6.875779945e-09
73.8,1767.409342,3188.705496,4956.114838,-1225.036211,256.6641181,10.46014402,16.04253773,0.01969701558,283.1864969,35647.33186,30691.21702,6.840309652e-09
74,3229.589746,1425.656198,4655.245945,-845.393823,473.6262793,15.0523141,43.98044135,0.02867833705,532.6877131,35428.29705,30773.05111,6.813934306e-09
74.2,4230.045658,218.3806345,4448.426293,106.8338357,623.1546489,16.7645813,71.99638814,0.03226692944,711.9478853,35347.96167,30899.53538,6.842128641e-09
74.4,4313.401231,119.5009955,4432.902227,1197.952122,637.032199,14.89130853,87.32649859,0.02899131065,739.2789974,35480.44186,31047.53963,6.854861567e-09
74.6,3439.678636,1179.038143,4618.716779,1929.756212,508.66707,10.26706346,82.9441262,0.02031543257,601.8985751,35802.8065,31184.08972,6.864866009e-09
74.8,2004.120875,2919.780659,4923.901534,1966.43086,296.3652316,4.875888059,60.80734461,0.00994599721,362.0584102,36205.25952,31281.35799,6.886693882e-09
75,658.7095086,4552.865855,5211.575363,1288.060272,96.95807684,0.9721925669,31.00604697,0.002191768208,128.9385081,36540.9428,31329.36744,6.913978723e-09
75.2,16.01868528,5336.150262,5352.168948,200.570812,1.717307499,0.1041385994,7.178497981,0.0001036050455,9.000047684,36692.76841,31340.59946,6.90761226e-09
75.4,370.0901648,4912.405006,5282.495171,-802.8094076,54.64488811,2.465952316,0.2810649648,0.004204912454,57.39611031,36626.86517,31344.37,6.843038136e-09
75.6,1561.727491,3473.012294,5034.739784,-1265.813556,232.2194369,6.85378037,13.56056717,0.01234825387,252.6461327,36408.24566,31373.50588,6.853952073e-09
75.8,3050.079863,1671.996412,4722.076275,-977.1263593,453.9344706,11.23013434,41.03950742,0.02073117524,506.2248436,36171.45641,31449.38013,6.895788829e-09
76,4158.375056,328.9626697,4487.337725,-67.27517889,618.9087056,13.63529548,70.22209476,0.025597649,702.7916935,36059.4722,31572.13447,6.958543963e-09
76.2,4382.065349,55.966208,4438.031557,1049.99084,651.9066699,13.03779036,87.7952034,0.02486374884,752.7645274,36158.5986,31720.56704,6.883965398e-09
76.4,3618.909492,978.3608347,4597.270327,1865.476205,537.7557147,9.752566909,85.72043417,0.01895946109,633.2476753,36459.02961,31861.75928,6.93853508e-09
76.6,2215.896053,2677.122432,4893.018485,2006.205166,328.3987879,5.255150667,64.92620638,0.01054218414,398.5906871,36859.08496,31966.06647,6.966729416e-09
76.8,811.3780843,4379.277002,5190.655086,1405.546335,119.3009902,1.491165038,34.90198081,0.003243951634,155.69738,37211.29251,32020.63742,7.01402314e-09
77,44.26129704,5309.868749,5354.130046,334.1974114,5.935462723,0.001376374865,9.371735243,3.624273515e-05,15.30861058,37389.4189,32035.28886,7.06040737e-09
77.2,262.8488187,5045.080229,5307.929048,-722.3345241,40.20113313,1.255750694,0.02158964325,0.001948204898,41.48042167,37345.97257,32038.04352,7.025846571e-09
77.4,1366.181969,3705.445777,5071.627746,-1284.243422,206.685187,4.486345851,11.15159782,0.007695019595,222.3308257,37133.98662,32062.35887,7.047674444e-09
77.6,2850.271727,1900.963965,4751.235692,-1095.712784,429.6361919,8.078322194,37.70195915,0.01435078831,475.430824,36883.1057,32131.87001,7.047674444e-09
77.8,4038.087261,453.0861421,4491.173403,-241.6416997,607.4887175,10.32688774,67.56027901,0.01872937824,685.3946136,36740.78257,32249.60917,7.077687769e-09
78,4388.294117,20.36450689,4408.658624,890.4346979,659.1889352,10.20889488,87.09616107,0.01882939213,756.5128206,36805.28116,32396.62254,7.088601706e-09
78.2,3741.842194,798.4869255,4540.329119,1786.094148,561.1728616,7.820654951,87.39115132,0.01468997189,656.3993579,37080.94436,32540.61524,7.164089766e-09
78.4,2393.973312,2431.441991,4825.415302,2037.664975,358.1149581,4.293607747,68.31367012,0.00828968163,430.7305257,37476.09273,32650.67743,7.176822692e-09
78.6,959.0004516,4174.184874,5133.185326,1529.578054,142.5443832,1.241120866,38.57574989,0.002565280579,182.3638192,37844.55553,32711.3702,7.175913197e-09
78.8,89.81319727,5232.44099,5322.254187,491.1432965,12.64173336,0.001702824741,11.74811149,2.562782539e-05,24.3915733,38052.00068,32729.74649,7.165908755e-09
79,180.2611252,5124.574032,5304.835157,-607.3135653,27.48354765,1.030511301,0.05893860649,0.001608118691,28.57460568,38036.94638,32732.11122,7.173184713e-09
79.2,1186.169871,3900.557966,5086.727837,-1267.83493,180.1510463,3.715115586,8.813064399,0.006297210165,192.6855235,37838.73741,32752.00957,7.199560059e-09
79.4,2646.379901,2118.454667,4764.834568,-1190.842958,400.9479988,6.690611924,33.98049569,0.01166123976,441.6307676,37579.76622,32814.93165,7.221387932e-09
79.6,3893.801152,589.4841052,4483.285257,-411.1452741,589.2235349,8.49748376,64.05032556,0.01503597629,661.7863802,37409.9965,32926.71124,7.305061445e-09
79.8,4359.841812,8.222083298,4368.063896,717.8090296,659.25373,8.269919562,85.29517412,0.01478904425,752.8336127,37438.96414,33070.90024,7.326889317e-09
80,3833.220447,636.5930924,4469.813539,1684.246592,579.251085,6.133230208,88.03561396,0.01107213578,673.4310013,37686.11219,33216.29865,7.322341844e-09
80.2,2555.317569,2185.4811,4740.798669,2050.158291,385.7427949,3.128872234,71.04358598,0.005716530283,459.9209696,38071.98745,33331.18878,7.325979823e-09
80.4,1109.047832,3947.453679,5056.50151,1649.828652,166.8189582,0.7080658016,42.08111482,0.001333175638,209.609472,38454.2763,33397.77479,7.338712749e-09
80.6,152.4583,5119.606461,5272.064761,664.7833868,21.94697446,0.03625377596,14.33988585,5.126929713e-05,36.32316536,38692.31548,33420.25072,7.312337402e-09
80.8,118.8611378,5169.112177,5287.973315,-458.7243355,16.70071799,1.437447214,0.4175016311,0.002495697348,18.55816253,38710.81237,33422.83905,7.372364053e-09
81,1020.18238,4074.99386,5095.17624,-1212.119464,153.0193946,4.240179277,6.583596161,0.007487614953,163.8506576,38533.89521,33438.71897,7.452399586e-09
81.2,2442.761041,2336.425337,4779.186378,-1254.918717,368.4848034,7.097321414,29.94674573,0.01260942383,405.5414799,38274.0949,33494.90852,7.425114745e-09
81.4,3736.900321,744.4126426,4481.312964,-568.7006406,564.862442,8.628985505,59.80146661,0.01536647525,633.3082606,38081.3046,33599.99164,7.467860996e-09
81.6,4313.255128,21.37058674,4334.625715,535.0115418,652.840602,8.085205223,82.52579323,0.01439454614,743.465995,38074.89047,33740.26475,7.435119187e-09
81.8,3910.810897,492.8827117,4403.693609,1556.283559,592.5794917,5.714371037,87.78634194,0.0101374985,686.0903421,38289.72333,33886.02972,7.473317964e-09
82,2714.616014,1940.787827,4655.403841,2033.35263,411.6574544,2.659954755,73.22279535,0.004666069338,487.5448706,38660.54278,34005.13893,7.543349057e-09
82.2,1270.227403,3703.82263,4974.050033,1751.496951,192.3388304,0.4288380373,45.48847201,0.0007123633485,238.2568528,39051.66137,34077.61134,7.576090866e-09
82.4,234.4892519,4979.312353,5213.801605,839.6700193,34.05480408,0.1769673367,17.19063999,0.0003671923127,51.42277861,39318.47448,34104.67287,7.551534509e-09
82.6,76.54194429,5188.197802,5264.739746,-288.5916053,8.222821081,2.147384316,1.14008471,0.004053875525,11.51434398,39372.8728,34108.13305,7.59246177e-09
82.8,865.1541579,4237.382846,5102.537004,-1122.877936,125.9406887,5.529082705,4.534772239,0.01027208601,136.0148158,39222.95186,34120.41485,7.541530067e-09
83,2238.718814,2560.59743,4799.316243,-1286.976191,333.1646709,8.811905922,25.71870789,0.01625126866,367.711536,38969.11557,34169.79933,7.546987035e-09
83.2,3570.887312,919.9574906,4490.844803,-708.6459409,535.4500196,10.48129139,54.97393769,0.01922732417,600.924476,38758.4461,34267.6013,7.597918739e-09
83.4,4255.900878,59.09711588,4314.997994,348.5377291,640.9146514,9.73432627,78.96547833,0.0177565191,729.6322126,38718.08775,34403.08976,7.552444004e-09
83.6,3983.618555,365.7810936,4349.399649,1405.290383,601.8728177,6.881872818,86.80403245,0.01244901263,695.571172,38897.82853,34548.42888,7.556991477e-09
83.8,2879.425488,1697.031328,4576.456816,1983.914773,436.2748387,3.240573463,74.96925334,0.005760629825,514.4904261,39247.81713,34671.36031,7.60792318e-09
84,1446.013148,3445.528675,4891.541823,1824.233618,219.3246111,0.5515286637,48.86858473,0.0009119485876,268.7456365,39641.38771,34749.84589,7.676135283e-09
84.2,334.1569584,4816.355821,5150.512779,1000.524201,49.20044975,0.1831591428,20.34400523,0.0004121065997,69.72802622,39932.53722,34782.02444,7.682501746e-09
84.4,47.06828899,5187.908156,5234.976445,-113.105954,2.514993947,2.481987921,2.278322878,0.004861362257,7.280166109,40021.96442,34786.98797,7.708877092e-09
84.6,712.6092826,4393.120837,5105.73012,-1012.766878,99.7230129,6.575650719,2.759036038,0.01259597769,109.0702956,39901.79095,34796.06083,7.757080311e-09
84.8,2026.381293,2793.867605,4820.248898,-1292.947888,296.0888675,10.73154586,21.44336218,0.02036575274,328.2841413,39658.81786,34838.56896,7.742528396e-09
85,3390.878844,1115.536425,4506.415269,-829.4666861,502.1865835,13.12171735,49.75633851,0.02476453395,565.0894039,39434.98042,34928.56515,7.765265764e-09
85.2,4186.996875,117.5023593,4304.499234,165.3390564,624.5274726,12.65471425,74.81054979,0.02378087183,712.0165175,39363.01557,35058.51634,7.787093637e-09
85.4,4054.491091,249.2258992,4303.71699,1239.698624,607.8525444,9.496347736,85.25418728,0.0177639338,702.6208434,39506.50042,35202.78343,7.820744941e-09
85.6,3054.402387,1447.663528,4502.065915,1907.385613,459.9618654,5.034090247,76.39349401,0.009347743095,541.3987974,39831.34743,35329.28152,7.814378478e-09
85.8,1640.339296,3167.180278,4807.519573,1867.586063,247.9366712,1.287076627,52.27949079,0.002338567127,301.5055772,40221.53473,35414.01516,7.827111403e-09
86,452.2422818,4627.668198,5079.91048,1140.241478,67.58928101,0.01504076918,23.83381209,4.033840095e-05,91.4381742,40531.81517,35451.90469,7.805283531e-09
86.2,26.47403905,5167.963142,5194.437181,55.98226853,0.06141191271,1.921133874,3.882301728,0.003758371521,5.868605886,40653.46047,35459.02329,7.769813237e-09
86.4,553.5634442,4544.455668,5098.019112,-894.3204985,75.23039528,6.309429718,1.355478883,0.01215832448,82.9074622,40563.28481,35465.2657,7.766175258e-09
86.6,1792.928011,3040.121545,4833.049556,-1281.938739,258.4173228,11.36050741,17.27750275,0.02178781956,287.0771208,40333.84594,35500.79638,7.707058103e-09
86.8,3182.603246,1335.313181,4517.916427,-933.8788562,466.296172,14.91417731,44.34313694,0.02855338735,525.5820396,40100.33773,35582.42131,7.756170817e-09
87,4093.816025,199.4199193,4293.235944,-10.28766865,604.6973178,15.41940781,70.25381224,0.02951430946,690.4000521,39999.27368,35706.03773,7.784365152e-09
87.2,4115.027728,143.1846955,4258.212423,1068.946751,611.1529403,12.63127698,83.28829289,0.02420214735,707.0967123,40106.7613,35848.54888,7.804374036e-09
87.4,3237.168447,1188.752991,4425.921438,1814.772944,482.9692509,7.741245996,77.5850107,0.01487271815,568.3103803,40404.26736,35978.34592,7.892595022e-09
87.6,1856.792114,2860.876866,4717.66898,1890.263906,278.2226265,2.874889448,55.75714213,0.005562331415,336.8602204,40787.26662,36069.59764,7.940798241e-09
87.8,596.2751475,4402.579577,4998.854725,1262.52608,89.34066604,0.1713148493,27.67604065,0.0003481692369,117.1883697,41112.74318,36113.88846,7.950802683e-09
88,22.66950541,5117.332165,5140.001671,216.7739749,1.290561475,0.8462783951,5.990463997,0.001569411882,8.128873279,41263.96674,36123.96507,7.999005902e-09
88.2,392.2326935,4683.05706,5075.289753,-773.4203783,53.28556599,4.652009359,0.4157025856,0.008790847644,58.36206879,41203.2184,36127.92865,8.032657206e-09
88.4,1535.677879,3296.463446,4832.141325,-1260.696878,221.2577092,9.974713159,13.36990799,0.01897025118,244.6213006,40988.66357,36156.52224,7.986272976e-09
88.6,2935.430906,1583.135597,4518.566503,-1026.120013,428.918679,14.53083124,38.91559528,0.02776427609,482.3928698,40747.83181,36229.26531,7.935341273e-09
88.8,3959.548901,314.5559997,4274.1049,-177.6813018,582.3201517,16.35898662,65.46745261,0.03140683308,664.1779978,40619.79185,36345.68695,7.894414011e-09
89,4146.529349,60.10832624,4206.637675,899.1914393,612.2580038,14.6732815,81.03099574,0.02834046401,707.9906215,40692.22939,36485.59171,7.978087524e-09
89.2,3412.655352,931.0162266,4343.671578,1716.439997,505.3892014,10.20376581,78.60396002,0.01988784874,594.2168151,40961.88206,36618.21048,8.026290743e-09
89.4,2088.773931,2531.309606,4620.083537,1904.250886,310.081608,4.875186653,59.30979216,0.009670924904,374.2762578,41336.17214,36716.0886,8.045390132e-09
89.6,770.4304907,4137.351402,4907.781893,1378.097801,114.4431785,0.9660262699,31.86298463,0.00203393671,147.2742233,41675.22525,36767.44336,7.992639439e-09
89.8,49.29705134,5024.485328,5073.78238,376.5556389,6.512282998,0.1177233775,8.621119164,0.0001620196232,15.25128756,41855.21374,36781.43136,8.003553376e-09
90,247.0299228,4793.353504,5040.383427,-646.9973232,34.59065113,2.628284466,0.01194427255,0.004717105627,37.23559698,41824.35776,36783.97433,7.976268535e-09
90.2,1271.254448,3548.976264,4820.230712,-1229.636873,185.581185,7.337316187,9.847352265,0.01358168826,202.7794352,41626.27877,36806.04805,7.976268535e-09
90.4,2658.119866,1852.343207,4510.463073,-1108.227044,391.0355052,12.14781593,33.62820692,0.02281185674,436.8343399,41380.18862,36869.72555,7.978997019e-09
90.6,3781.800159,466.8547207,4248.65488,-338.2300777,558.1159244,14.95013202,60.59235975,0.02837094982,633.6867871,41226.91655,36978.26167,7.950802683e-09
90.8,4136.30957,14.22305209,4150.532622,731.6015007,611.469752,14.5391016,78.57344204,0.02787796775,704.6101736,41265.20391,37114.67129,8.033566701e-09
91,3562.739397,694.9109723,4257.65037,1617.083843,527.1375333,11.12274955,79.47783023,0.02160748753,617.7597206,41507.07077,37249.4204,8.029019227e-09
91.2,2319.884585,2198.783468,4518.668053,1917.578691,343.2470077,6.205277613,62.91591787,0.01231588955,412.380519,41872.41611,37353.74806,8.049028111e-09
91.4,966.8869018,3845.772332,4812.659234,1497.104403,142.7265809,1.905196824,36.36009087,0.003989599408,180.9958582,42225.27107,37412.61184,8.039933164e-09
91.6,111.1039461,4892.765994,5003.869941,545.7681807,15.87500384,0.01733077203,11.76679393,8.278738463e-05,27.65921133,42435.30258,37431.43264,7.986272976e-09
91.8,134.8754318,4868.271057,5003.146489,-506.1903431,19.67466555,1.235637315,0.1891164399,0.002026819731,21.10144612,42436.76285,37433.61636,7.985363482e-09
92,1024.087362,3784.170291,4808.257653,-1182.869402,152.1711918,4.876101144,6.80591725,0.00866019808,163.8618704,42258.2434,37449.98574,7.998096407e-09
92.2,2375.400431,2129.494693,4504.895124,-1177.813869,353.4309449,9.212196012,28.60138741,0.01680984269,391.2613381,42009.78811,37504.89299,7.992639439e-09
92.4,3578.519675,649.3974098,4227.917085,-492.5819749,532.6084891,12.26231267,55.73374292,0.02274180249,600.6272865,41833.18564,37605.26855,7.952621672e-09
92.6,4091.18379,9.182131131,4100.365921,563.8338082,608.9046507,12.6711646,75.97207328,0.02382079247,697.5717093,41837.89573,37737.52981,7.938979252e-09
92.8,3683.01403,494.8142738,4177.828303,1514.495478,547.9580955,10.29226617,80.20232398,0.01963940922,638.4723251,42051.5573,37873.729,7.948074199e-09
93,2538.589122,1884.6963,4423.285422,1929.947957,377.2884301,6.219225522,66.52538953,0.01212934195,450.0451745,42407.44548,37984.16005,7.981725503e-09
93.2,1173.615079,3550.206392,4723.821471,1622.307941,173.8541168,2.264289259,41.10584339,0.004630589734,217.22888,42774.56248,38050.74101,8.009010344e-09
93.4,202.2095493,4739.436314,4941.645863,730.3379584,29.34772146,0.1294873422,15.39224374,0.0003598549125,44.8698124,43016.7922,38075.14634,8.030838217e-09
93.6,60.25049157,4916.130413,4976.380905,-342.9785079,8.870937938,0.6483350677,0.9615578932,0.0009778293373,10.48180873,43054.41416,38078.03326,8.028109733e-09
93.8,809.3696825,4001.102767,4810.472449,-1112.259976,121.6052296,3.4367098,4.307897853,0.005894885516,129.3557321,42900.1913,38089.71885,8.055394574e-09
94,2109.726784,2407.470222,4517.197007,-1228.916776,316.685837,7.100687019,23.91999404,0.01260850665,347.7191266,42653.71046,38136.51345,8.098140825e-09
94.2,3373.630669,853.9966932,4227.627362,-638.7500008,506.1337386,9.895144027,50.96204669,0.01789452139,567.0088239,42456.49644,38228.86907,8.061761037e-09
94.4,4030.642533,40.81354868,4071.456081,393.2602628,604.5130194,10.52538354,73.25171212,0.01929254576,688.3094076,42428.1365,38356.68042,8.120423445e-09
94.6,3784.651011,333.7416988,4118.39271,1402.287487,567.4463548,8.72516763,80.74557542,0.01620485739,656.9333027,42612.24524,38493.85253,8.177266864e-09
94.8,2747.106325,1599.501764,4346.608089,1933.360329,411.6321425,5.352873441,70.06353389,0.01011767651,487.0586675,42956.68178,38610.07369,8.230927051e-09
95,1386.451733,3266.049973,4652.501707,1746.832098,207.3357273,1.971392408,46.01477865,0.003863285244,255.3257616,43336.98823,38684.48653,8.231836546e-09
95.2,316.6325153,4580.783609,4897.416124,926.838751,46.7267445,0.1134913741,19.43630347,0.000280912854,66.27682026,43612.51094,38715.09482,8.276401786e-09
95.4,20.08046937,4950.152882,4970.233351,-156.3251717,2.322190722,0.5749579102,2.314355297,0.0009031145447,5.212407044,43689.89857,38719.66522,8.237293514e-09
95.6,630.0968123,4207.50112,4837.597932,-1013.079067,94.2645208,3.060017107,2.38359859,0.005272142875,99.71340864,43565.3137,38727.71576,8.276401786e-09
95.8,1870.777272,2688.29632,4559.073592,-1255.47247,281.1964359,6.3372446,19.63645047,0.01119156738,307.1813226,43326.27516,38767.20157,8.242750482e-09
96,3181.591374,1078.76223,4260.353603,-772.4602104,478.8686581,8.827235301,46.31771577,0.01578270284,534.0293919,43112.25456,38851.90096,8.270035323e-09
96.2,3970.44348,106.1354371,4076.578918,219.6496161,598.1154493,9.344985935,70.41164578,0.01684489953,677.8889259,43051.77173,38975.19281,8.255483408e-09
96.4,3881.051162,210.2760655,4091.327227,1274.488988,585.0881699,7.651065805,81.05481256,0.01388329528,673.8079316,43204.36412,39113.03689,8.26366886e-09
96.6,2953.950106,1344.86641,4298.816517,1916.898449,445.5974374,4.556902774,73.43760165,0.008327685266,523.6002695,43533.63557,39234.81906,8.260940376e-09
96.8,1608.363675,2998.049471,4606.413147,1857.409966,242.5595633,1.537861281,50.9833008,0.002845754957,295.0835711,43923.58622,39317.17308,8.260030882e-09
97,452.9892059,4423.365204,4876.35441,1123.116069,67.66306592,0.03655702797,23.81707014,7.63246406e-05,91.51676942,44230.89644,39354.54203,8.299139154e-09
97.2,11.01809286,4976.870896,4987.888989,45.74506833,0.00698093239,0.7823393018,4.208312388,0.001377774341,4.999010396,44349.59609,39361.7071,8.288225217e-09
97.4,483.539433,4408.261237,4891.80067,-887.8230699,70.36353345,3.444970785,1.03666226,0.006178980493,74.85134548,44258.93295,39367.13228,8.253664419e-09
97.6,1658.289436,2974.401483,4632.690919,-1255.241052,247.2099731,6.785064605,15.77688443,0.01223886219,269.784161,44032.81024,39400.11932,8.250935934e-09
97.8,3005.176782,1323.75118,4328.927962,-889.4446579,450.873614,9.232714446,41.81828541,0.01669643915,501.9413103,43806.49537,39477.56741,8.226379578e-09
98,3915.659435,203.6146435,4119.274078,45.70256656,589.4501187,9.625871756,67.43348434,0.0174228607,666.5268977,43715.5937,39596.31962,8.27913027e-09
98.2,3977.950821,122.3064845,4100.257306,1129.143706,600.3089448,7.76404968,81.06458816,0.01404242385,689.151625,43834.82078,39734.56347,8.299139154e-09
98.4,3163.648175,1118.908144,4282.556319,1872.577802,478.4443892,4.51656912,76.54494958,0.008139325225,559.5140472,44144.2239,39861.66759,8.363713278e-09
98.6,1841.207095,2744.901409,4586.108504,1940.930322,278.836381,1.429919735,55.89753237,0.002543022936,336.1663762,44538.13034,39952.02184,8.422830433e-09
98.8,609.8444759,4266.338607,4876.183083,1303.779358,91.70338558,0.0115756535,28.43936184,1.460631295e-05,120.1543377,44872.8136,39996.63052,8.403731044e-09
99,28.67817465,4995.485321,5024.163496,249.271454,1.779116357,1.020230985,6.587166516,0.001940540916,9.388454399,45031.37497,40007.21148,8.380084182e-09
99.2,363.4751786,4602.134783,4965.609962,-745.8703993,49.99045108,4.093587698,0.251317603,0.007645388653,54.34300177,44976.54264,40010.93268,8.358256309e-09
99.4,1465.683313,3263.695225,4729.378538,-1231.6211,214.8685493,7.8925411,12.34868666,0.01465613139,235.1244332,44767.52695,40038.14841,8.366441762e-09
99.6,2838.810193,1585.814849,4424.625042,-987.9926435,422.1407424,10.70361902,37.46643282,0.01981339217,470.3306076,44533.29413,40108.66909,8.374627214e-09
99.8,3862.531267,329.004724,4191.535991,-124.533141,578.2250287,11.22828385,64.28972222,0.02072948983,653.7637643,44414.31055,40222.77456,8.391907613e-09
100,4073.419448,64.59995092,4138.019399,969.056679,612.5276363,9.196826889,80.7056986,0.01692317288,702.4470849,44499.06767,40361.04828,8.446477295e-09
100.2,3375.290805,915.6565349,4290.94734,1798.962152,509.4270008,5.519477979,79.28204617,0.01009777616,594.2386228,44784.07438,40493.12704,8.458300726e-09
100.4,2083.70577,2500.280903,4583.986673,1990.440623,315.4497315,1.895746246,60.64211343,0.003414877776,377.9910061,45175.41249,40591.42582,8.531060303e-09
100.6,784.0303947,4103.504917,4887.535312,1457.269168,118.3366397,0.05096513122,33.20310432,7.576329105e-05,151.5907849,45531.17056,40643.63524,8.503775462e-09
100.8,66.86479181,5000.391527,5067.256319,440.7985833,7.411473582,0.9433254734,9.385527414,0.001847825621,17.7421743,45725.58653,40658.33021,8.451024769e-09
101,260.3824439,4784.386254,5044.768698,-599.1194019,33.15042673,4.304444735,2.520904345e-05,0.008211289084,37.46310796,45705.90198,40661.13328,8.439201338e-09
101.2,1280.860256,3552.203791,4833.064048,-1192.072193,184.2541857,8.730491978,9.348148462,0.01653123366,202.3493574,45516.21185,40683.1478,8.370989235e-09
101.4,2669.467767,1861.161651,4530.629418,-1069.874137,392.6422797,12.29338673,33.25789528,0.02319947647,438.2167612,45277.51056,40746.88114,8.320057532e-09
101.6,3799.17159,477.7472379,4276.918828,-287.9295427,564.1695095,13.40402795,60.95209187,0.02524751001,638.5508768,45132.94722,40856.02839,8.37189873e-09
101.8,4158.467118,30.82772159,4189.29484,799.7894055,621.2097433,11.54018298,79.91390703,0.02170762652,712.6855409,45183.04913,40993.75429,8.40100256e-09
102,3583.557775,726.3932692,4309.951045,1700.892207,537.8451339,7.50646323,81.55328846,0.01409987194,626.9189855,45440.22343,41130.27239,8.348251868e-09
102.2,2333.595345,2253.229235,4586.82458,2007.418633,351.7045827,3.100242237,65.10874178,0.005806890039,419.9193737,45823.13489,41236.31031,8.346432878e-09
102.4,974.4257769,3922.716414,4897.142191,1580.531954,147.0383812,0.3239168363,38.01129876,0.00059707067,185.3741939,46193.51608,41296.37389,8.38554115e-09
102.6,122.9883873,4979.970067,5102.958455,613.4197315,16.63693389,0.4907676891,12.53619445,0.0009449385787,29.66484097,46418.75756,41315.79911,8.320057532e-09
102.8,167.8330517,4945.731443,5113.564495,-456.132865,19.8051954,3.624672161,0.2503265543,0.006899486276,23.68709361,46431.94557,41318.38108,8.35643732e-09
103,1092.37475,3834.151686,4926.526436,-1143.969129,155.4295133,8.427347726,6.767198943,0.01601654355,170.6400766,46262.1587,41335.63226,8.376446203e-09
103.2,2481.287404,2147.486925,4628.774329,-1138.851791,362.3738289,12.83565447,29.18844866,0.02440170257,404.4223337,46021.29294,41392.51861,8.392817108e-09
103.4,3707.639334,649.5997753,4357.239109,-443.4919958,547.0799109,14.92739627,57.39895091,0.02841403555,619.4346721,45853.36955,41496.13044,8.321876521e-09
103.6,4216.430542,20.41825798,4236.8488,626.6111513,625.9136839,13.77550412,78.63762736,0.02628021312,718.3530956,45869.27851,41632.42971,8.390998119e-09
103.8,3776.265776,547.6876644,4323.95344,1586.059984,563.0890856,9.869524939,83.27863905,0.0189002833,656.2561499,46096.51944,41772.566,8.425558917e-09
104,2585.008941,1995.791688,4580.800629,1999.493454,386.9680643,4.912901924,69.20335413,0.009479152855,461.0937995,46466.71987,41885.91924,8.461029211e-09
104.2,1181.16935,3711.461165,4892.630515,1678.931639,177.3070816,1.081056564,42.77647732,0.002136705167,221.1667522,46846.60162,41953.97111,8.445567801e-09
104.4,200.7168926,4918.94174,5119.658632,769.0733508,29.18129928,0.06574053552,15.97589062,0.0001041068454,45.22303454,47098.37782,41978.71919,8.479219105e-09
104.6,89.1856219,5071.221329,5160.406951,-318.1753112,9.90474407,2.32794796,0.9701290787,0.00430113287,13.20712224,47142.21548,41981.80853,8.457391232e-09
104.8,899.4434105,4098.2486,4997.692011,-1090.342131,128.4703063,6.890996627,4.5986382,0.01292448849,139.9728656,46992.44863,41994.75661,8.441020327e-09
105,2266.958527,2439.466388,4706.424916,-1197.650338,331.3887625,11.76690856,25.25940116,0.02223200994,368.4373042,46751.11111,42044.68619,8.539245755e-09
105.2,3574.129309,845.5449412,4419.67425,-591.6950506,526.8553023,14.82874126,53.62110023,0.02817929178,595.3333231,46561.69996,42142.02571,8.563802112e-09
105.4,4229.568765,38.78853185,4268.357297,452.4522736,626.3259686,14.74380517,76.84384887,0.02818826643,717.9418109,46544.11358,42275.75629,8.527422324e-09
105.6,3935.991855,385.8939289,4321.885784,1460.818484,584.6721231,11.55579031,84.39927306,0.02226911087,680.6494556,46740.25799,42418.37221,8.562892617e-09
105.8,2825.295709,1731.378016,4556.673725,1975.382952,420.698033,6.659693291,72.85114659,0.01300339314,500.2218763,47094.9949,42538.32118,8.64656613e-09
106,1399.416514,3467.381839,4866.798353,1761.833332,208.6888066,2.182642504,47.4249642,0.00440014346,258.3008134,47481.09401,42614.29566,8.577444532e-09
106.2,303.4817476,4808.520202,5112.001949,915.996833,44.78544149,0.04642907638,19.64891068,0.0001336919318,64.48091494,47756.90117,42644.89922,8.581082511e-09
106.4,33.82333356,5147.465661,5181.288995,-179.3929696,3.408794968,1.12705452,2.131081508,0.001942235018,6.66887323,47830.58892,42649.29993,8.531060303e-09
106.6,713.0739569,4330.214459,5043.288416,-1028.091507,103.4876533,4.881360355,2.839586122,0.008890312501,111.2174901,47701.85218,42658.56376,8.581082511e-09
106.8,2034.322438,2726.211654,4760.534092,-1245.351654,299.8212453,9.601729043,21.48128147,0.01781199816,330.9220679,47462.12088,42701.58679,8.570168575e-09
107,3399.792775,1061.371426,4461.164201,-732.5305672,503.5202985,13.18070519,49.62561174,0.02472778653,566.3513432,47253.16205,42791.99784,8.598362911e-09
107.2,4191.374943,89.47113315,4280.846076,277.9356207,622.2822064,14.04267533,74.52179877,0.02660017259,710.8732807,47202.81623,42921.97015,8.611095836e-09
107.4,4050.526402,250.7187369,4301.245139,1327.685719,602.2483814,11.82900485,84.88073664,0.02264995913,698.9807728,47366.99811,43065.75297,8.563802112e-09
107.6,3040.728277,1472.214419,4512.942696,1940.140162,452.4575881,7.536568426,75.99904266,0.01465846905,536.0078576,47704.27217,43191.32947,8.545612218e-09
107.8,1618.830947,3200.808666,4819.639613,1836.639812,240.7891757,3.05538389,51.89871771,0.006136691934,295.749414,48094.56096,43274.92135,8.536517271e-09
108,428.201321,4653.569897,5081.771218,1063.002605,63.21610369,0.318451254,23.50861148,0.000745842544,87.04391227,48393.53754,43311.76632,8.56925908e-09
108.2,7.35137174,5172.431874,5179.783245,-30.96372807,0.2975916214,0.4465472812,3.710039135,0.0006803977326,4.454858436,48498.06426,43318.28102,8.588358469e-09
108.4,546.0591894,4522.327349,5068.386539,-949.8163496,80.63896934,3.267945488,1.493117864,0.005730960985,85.40576366,48393.01172,43324.62519,8.563802112e-09
108.6,1799.492228,2997.684582,4797.17681,-1277.000321,267.8967116,7.420864767,17.87560074,0.01343120518,293.2066083,48158.21197,43361.03516,8.614733815e-09
108.8,3199.23958,1289.000106,4488.239686,-863.7876618,477.2337322,10.98366087,45.43746256,0.02020421162,533.6750599,47932.36017,43444.12048,8.559254638e-09
109,4110.913151,169.9471766,4280.860327,103.0566891,613.7729777,12.34291407,71.68413179,0.02297933052,697.8230028,47850.19614,43569.33581,8.579263522e-09
109.2,4121.551973,146.8301129,4268.382086,1185.647543,615.6158307,10.9074683,84.71349607,0.02054929282,711.2573443,47981.42358,43713.04149,8.61382432e-09
109.4,3226.57881,1229.259976,4455.838786,1893.251475,481.9160034,7.351347664,78.61564199,0.01406569864,567.8970587,48299.05749,43843.2187,8.620190783e-09
109.6,1831.623443,2925.965415,4757.588859,1904.663532,273.2735995,3.284605074,56.15493601,0.006467244013,332.7196079,48691.57024,43933.98138,8.676579455e-09
109.8,568.4717727,4467.586384,5036.058157,1213.91344,84.26644818,0.5097277571,27.51700558,0.001117631107,112.2942992,49013.36399,43977.30583,8.690221875e-09
110,8.651605931,5155.410331,5164.061937,133.2174354,0.572801114,0.2053781452,5.688861329,0.0002808891067,6.467321478,49150.72314,43986.66121,8.676579455e-09
110.2,404.5230064,4677.950864,5082.473871,-848.2487015,60.12826053,2.406904657,0.5682408478,0.004124611825,63.10753065,49073.37096,43990.89709,8.718416211e-09
110.4,1575.199774,3251.898259,4827.098033,-1285.844999,235.930016,6.013588762,14.47475328,0.01069189367,256.4290499,48848.25996,44021.16193,8.698407328e-09
110.6,2988.904049,1523.635856,4512.539905,-980.9192338,448.2836083,9.31096222,41.09901493,0.01683739091,498.7104228,48609.32467,44096.78476,8.702045307e-09
110.8,4004.277986,276.0749141,4280.3529,-70.94086363,600.9356046,10.76321975,68.36575403,0.01968593072,680.0842643,48496.87344,44216.52054,8.696588338e-09
111,4161.148284,73.78321524,4234.931499,1032.56311,624.7060824,9.71138683,83.91112277,0.01794135995,718.3465334,48594.05658,44359.12508,8.745701052e-09
111.2,3388.907721,1007.281945,4396.189666,1830.220552,508.8383953,6.660431934,80.6890407,0.01245113863,596.2003191,48889.18397,44492.9943,8.785718819e-09
111.4,2038.131622,2652.343753,4690.475375,1960.883751,305.8582504,3.029654823,60.16390316,0.005779671172,369.057588,49280.96902,44590.49365,8.739334589e-09
111.6,721.2586457,4262.602561,4983.861207,1365.191698,107.7485395,0.4870977009,31.64292679,0.0009994384871,139.8795635,49624.34086,44640.47966,8.721144695e-09
111.8,34.73197361,5108.024318,5142.756292,312.5464612,4.250275243,0.1776568159,8.052926942,0.0002646122359,12.48112361,49796.0957,44653.33941,8.70659278e-09
112,288.6659227,4805.736014,5094.401936,-720.7376686,42.19708275,2.200307086,0.07849950253,0.003825548914,44.47971489,49750.67045,44656.26852,8.681126928e-09
112.2,1366.571903,3493.28215,4859.854053,-1266.969038,204.3127791,5.57258154,11.32029368,0.00993373903,221.215588,49540.78869,44680.93463,8.703864296e-09
112.4,2778.601251,1765.903808,4544.505058,-1078.737112,417.0703464,8.694895466,36.66761957,0.01567332717,462.4485347,49293.62818,44749.12312,8.672941476e-09
112.6,3883.976931,406.4435649,4290.420496,-240.8894423,584.0345187,10.09736545,64.62067596,0.01832812029,658.7708883,49153.29244,44862.87195,8.662937034e-09
112.8,4181.616577,30.44019559,4212.056773,867.8505215,629.5643018,9.122835821,82.50664787,0.01664820352,721.2104337,49215.61992,45003.56315,8.697497833e-09
113,3537.140472,807.3149002,4344.455372,1746.240794,533.0675889,6.230608494,82.22315053,0.01142950211,621.5327774,49484.83091,45140.37554,8.742063073e-09
113.2,2243.428088,2383.937541,4627.365629,1997.289883,338.2949989,2.781229004,63.90570843,0.005139166904,404.9870755,49871.62626,45244.26063,8.726601664e-09
113.4,887.4405655,4045.046573,4932.487139,1507.815249,133.4805111,0.4024916643,35.85932521,0.0007617614973,169.7430898,50233.59122,45301.10409,8.742972568e-09
113.6,83.86766884,5037.638612,5121.506281,499.561846,11.346999,0.230270099,10.78881742,0.0004020934438,22.36648862,50439.61579,45318.10951,8.755705494e-09
113.8,196.4586063,4912.205919,5108.664526,-571.2038268,27.10843902,2.375905614,0.03958463502,0.004293890985,29.52822316,50429.18251,45320.51798,8.684764907e-09
114,1173.35625,3726.191013,4899.547263,-1220.141703,173.4925123,5.86787451,8.459975255,0.01067695045,187.831039,50239.70511,45340.15785,8.754795999e-09
114.2,2570.958891,2017.587307,4588.546197,-1153.890122,384.0815105,9.096930847,32.21181733,0.01660439319,425.4068631,49989.56575,45401.01956,8.785718819e-09
114.4,3755.318306,560.8327691,4316.151075,-402.6289111,563.434004,10.56119434,60.51749646,0.01931064585,634.5320055,49824.54444,45508.39337,8.8748493e-09
114.6,4189.636827,15.76447681,4205.401303,693.7587099,630.323274,9.567810112,80.5477882,0.01750841587,720.4563808,49851.88888,45646.48758,8.893948689e-09
114.8,3677.496806,628.7534675,4306.250274,1639.576355,554.5020637,6.565609765,83.23324086,0.01201109144,644.3129254,50091.849,45785.59872,8.923962014e-09
115,2451.638019,2121.366766,4573.004785,2007.561835,370.3537096,2.951252613,67.36650068,0.005384326689,440.6768472,50468.58232,45895.57753,8.947608876e-09
115.2,1068.184504,3816.844533,4885.029038,1632.022055,161.2712889,0.4331768618,40.14024325,0.0007772311696,201.8454863,50844.51484,45959.4858,9.012183e-09
115.4,154.407045,4946.920374,5101.327419,683.5336822,21.86484327,0.2425958962,13.8816246,0.0004647754496,35.98952854,51082.58607,45981.25865,9.07402864e-09
115.6,124.4224125,4999.879036,5124.301449,-408.4774486,15.12638951,2.554273107,0.4663781083,0.004772654286,18.15181338,51108.20868,45983.90723,9.051291272e-09
115.8,991.6586733,3952.183008,4943.841682,-1150.137087,143.9467881,6.387098294,5.944037194,0.01188750458,156.2898111,50942.92551,45999.08383,9.011273505e-09
116,2362.974583,2278.853767,4641.82835,-1206.486935,349.8618581,10.03672985,27.80673565,0.01865354156,387.7239772,50694.57046,46052.74211,9.10313247e-09
116.2,3616.970441,738.0639728,4355.034413,-552.7760268,539.5674905,11.84853785,56.13421672,0.02200363469,607.5722487,50508.42293,46153.38852,9.100403986e-09
116.4,4185.600287,27.63862279,4213.23891,514.6689031,627.1757317,10.98039168,78.09178242,0.02037601721,716.2682819,50501.48129,46288.24238,9.064933693e-09
116.6,3811.471485,469.0847418,4280.556226,1512.772108,573.0736474,7.804986302,83.74139927,0.01446503941,664.634498,50709.59268,46429.03645,9.065843187e-09
116.8,2664.319666,1862.189453,4526.50912,1990.344519,401.804988,3.761923331,70.53486935,0.006950234393,476.108731,51071.33352,46544.8244,9.113136912e-09
117,1263.995094,3575.90399,4839.899084,1732.067747,190.9055513,0.7189452565,44.45795528,0.001310556276,236.0837623,51455.89108,46615.99199,9.068571671e-09
117.2,244.9377388,4834.223805,5079.161544,855.5940913,35.7737557,0.1267312479,17.3123075,0.0002505429689,53.21304499,51722.29071,46643.12916,9.045834304e-09
117.4,68.8586456,5067.541142,5136.399788,-242.0368797,6.494338582,2.349636988,1.369877434,0.004450209068,10.21830321,51783.15101,46646.75122,9.036739357e-09
117.6,815.7256189,4170.402073,4986.127691,-1064.272098,116.1559289,6.479726596,3.821268619,0.0122135583,126.4691377,51644.13,46658.00231,9.076757124e-09
117.8,2147.630454,2549.064695,4696.695149,-1239.725258,314.9825773,10.72571456,23.52930542,0.02019024433,349.2577876,51401.24981,46704.55467,9.075847629e-09
118,3461.815775,937.4529213,4399.268696,-690.0000783,512.9073195,13.20857217,51.55306503,0.02486002948,577.6938167,51197.35649,46798.08779,9.04128683e-09
118.2,4163.526758,64.91375148,4228.44051,335.1860447,620.3485274,12.80904957,75.20049891,0.02411945322,708.3821953,51157.45209,46929.01158,9.048562788e-09
118.4,3935.168786,326.1866561,4261.355442,1371.32388,588.7279737,9.684510535,83.77248442,0.01825483214,682.2032235,51332.17138,47070.81594,9.070390661e-09
118.6,2879.986515,1602.901301,4482.887817,1949.467836,432.4058722,5.217438286,73.39881341,0.009853625168,511.0319776,51674.96036,47192.07255,9.091309039e-09
118.8,1475.307239,3317.281859,4792.589098,1808.37604,222.1311806,1.41182187,48.78064909,0.00267957038,272.3263311,52063.24382,47270.65472,9.106770449e-09
119,356.5675764,4693.651046,5050.218622,1012.473603,52.99678556,0.002683861952,21.05546051,4.125679877e-06,74.05493406,52353.96044,47303.74182,9.094947018e-09
119.2,29.87093737,5109.350896,5139.221833,-77.62925044,1.414793404,1.675836926,2.754414448,0.003136866318,5.848181644,52448.30789,47309.08605,9.053110261e-09
119.4,643.1013536,4376.322722,5019.424076,-968.5853121,90.57741614,5.749176945,2.135347979,0.01081595137,98.47275701,52336.39827,47316.97419,8.988536138e-09
119.6,1919.080935,2826.0348,4745.115735,-1257.657187,280.0130795,10.4626835,19.45386153,0.0197404339,309.9493649,52101.64066,47356.52492,8.953065844e-09
119.8,3280.941471,1159.442275,4440.383747,-814.8649974,483.938148,13.75249987,46.85590045,0.02601720208,544.5725655,51882.90529,47442.52155,9.044015314e-09
120,4112.963122,129.9296101,4242.892732,158.437385,610.0813295,14.16670397,71.93631967,0.02688429289,696.2112374,51811.62607,47568.73334,9.109498933e-09
120.2,4038.916075,202.6647095,4241.580784,1220.95759,601.409823,11.51474973,83.35097188,0.02194423162,696.2974888,51952.32219,47710.74141,9.143150237e-09
120.4,3092.080407,1344.383379,4436.463786,1891.361228,461.890204,6.959306068,75.94360266,0.01335498083,544.8064677,52273.44989,47836.9861,9.14769771e-09
120.6,1700.134985,3038.579059,4738.714045,1866.141544,254.6508895,2.50686687,53.0709073,0.004888010973,310.2335516,52661.75104,47923.037,9.193172446e-09
120.8,491.8106738,4519.130975,5010.941648,1156.866715,73.39886983,0.1216514427,25.07776903,0.000267374419,98.59855768,52973.57486,47962.63321,9.218638297e-09
121,12.7476033,5116.669805,5129.417409,84.75279282,0.0328843807,0.8560055049,4.615507276,0.001525166052,5.505922328,53099.92271,47970.5053,9.270479495e-09
121.2,478.9858919,4561.077425,5040.063317,-864.8963455,67.62455128,4.384030186,0.9218619722,0.008103240589,72.93854668,53015.77118,47975.70786,9.270479495e-09
121.4,1679.456004,3103.422227,4782.878232,-1262.435684,245.497826,9.146077131,15.6485559,0.0171003154,270.3095593,52791.35953,48008.4813,9.297764336e-09
121.6,3071.46281,1402.304979,4473.767788,-928.3325988,453.1361176,13.0398797,42.12058818,0.02455478761,508.3211402,52560.35192,48086.58413,9.268660506e-09
121.8,4025.944438,226.0855936,4252.030032,-14.33982022,596.6114497,14.3508445,68.35910912,0.02719359341,679.3485969,52459.3029,48207.27287,9.198629414e-09
122,4111.645395,105.6391795,4217.284574,1065.302798,611.0544944,12.50802214,82.49890587,0.02387132927,706.0852937,52565.8354,48348.55082,9.220457287e-09
122.2,3289.818922,1094.577455,4384.396377,1821.451907,489.9646143,8.330709497,78.1506782,0.01606324367,576.4620652,52863.51326,48479.11688,9.244104149e-09
122.4,1931.553718,2745.232873,4676.786591,1911.502605,288.1190312,3.65819598,57.28512329,0.00719783899,349.0695484,53249.3005,48572.51391,9.254108591e-09
122.6,649.9860317,4311.154719,4961.140751,1294.463709,96.78065885,0.5299411281,29.33732435,0.001130844773,126.6490552,53580.22232,48619.08157,9.222276276e-09
122.8,23.27617102,5084.512131,5107.788302,249.495847,2.425186057,0.2826763172,6.938572939,0.0004419669409,9.646877281,53738.10182,48630.31352,9.265932022e-09
123,333.5273495,4715.887816,5049.415166,-750.4604303,47.65097584,2.965914921,0.2062674222,0.005310435543,50.82846861,53683.06916,48633.65399,9.228642739e-09
123.2,1439.556693,3371.977623,4811.534316,-1252.764093,211.9395975,7.333203657,12.17283594,0.01346314198,231.4591003,53471.62392,48660.0896,9.246832633e-09
123.4,2840.907644,1660.020665,4500.928309,-1029.973606,420.9547855,11.40838343,37.41854154,0.02120879887,469.8029193,53231.07469,48730.14638,9.279574442e-09
123.6,3904.084796,353.2172469,4257.302043,-182.8372105,580.1653497,13.37002887,64.52437986,0.02508861288,658.084847,53101.92205,48844.62001,9.290488379e-09
123.8,4148.738388,41.29541515,4190.033803,905.2430009,617.5854485,12.35751991,81.23499682,0.02340392484,711.2013691,53174.25942,48984.22562,9.295945347e-09
124,3464.505584,864.1490042,4328.654588,1741.683694,516.3102901,8.840576003,79.99759807,0.01694316298,605.1654074,53446.97589,49118.32131,9.33323463e-09
124.2,2160.608794,2448.862022,4609.470816,1947.646762,322.1439044,4.392167819,61.37386876,0.008594094391,387.9185351,53828.23045,49218.75964,9.376890375e-09
124.4,825.9072907,4078.48011,4904.387401,1429.548172,122.8779108,0.972709874,33.78385391,0.002027783901,157.6365023,54176.99337,49272.60596,9.368704923e-09
124.6,62.72862348,5016.160817,5078.889441,421.5250427,8.594504303,0.05079636127,9.698594598,5.290806651e-05,18.34394817,54366.86641,49287.97697,9.383256838e-09
124.8,214.7865857,4838.156621,5052.943207,-620.3919996,30.9416553,1.95548206,0.002898495018,0.00337940512,32.90341526,54343.30706,49290.36385,9.387804312e-09
125,1212.097979,3625.154525,4837.252504,-1224.560878,179.7895449,5.74717881,9.07605927,0.0103385163,194.6231215,54148.35786,49311.10535,9.382347343e-09
125.2,2602.890014,1925.564703,4528.454717,-1117.159665,387.8177885,9.658585558,32.81343978,0.01767129274,430.3074851,53901.67731,49373.22259,9.416908142e-09
125.4,3757.975979,507.4430237,4265.419003,-346.1988782,560.9564696,11.9006525,60.48259872,0.02201716726,633.361738,53746.43724,49481.01824,9.522409528e-09
125.6,4155.163558,11.24871271,4166.412271,740.031203,620.9176911,11.46685576,79.57476362,0.02142450496,711.980735,53784.55157,49618.1393,9.570612747e-09
125.8,3615.145518,660.4164936,4275.562011,1650.388189,540.5900112,8.573955985,81.45891752,0.01620370731,630.6390884,54030.53849,49754.97647,9.535142453e-09
126,2382.306901,2160.540408,4542.847308,1973.016021,356.2951818,4.545235661,65.28312317,0.008747972765,426.1322886,54404.90037,49862.05306,9.578798199e-09
126.2,1014.011101,3832.675516,4846.686617,1561.726729,151.3662334,1.195837732,38.35980886,0.002416924541,190.9242969,54770.03669,49923.35007,9.586074157e-09
126.4,128.493775,4920.426446,5048.920221,602.2913977,18.47044266,0.004036573247,12.86070303,2.666649713e-07,31.33518253,54992.46468,49943.54446,9.597897588e-09
126.6,125.3742717,4931.949599,5057.32387,-471.4056299,17.71001318,1.446024697,0.314968293,0.00246230302,19.47346848,55003.21356,49945.88969,9.538780432e-09
126.8,1005.126571,3862.245524,4867.372094,-1173.494269,149.4434558,4.793807153,6.397155384,0.008532762256,160.6429511,54829.07068,49961.69859,9.5442374e-09
127,2369.075869,2195.26938,4564.345249,-1185.866824,354.1173941,8.462792694,28.36098178,0.01531917214,390.9564878,54580.52978,50016.18453,9.549694369e-09
127.2,3599.854412,684.9521574,4284.806569,-502.1610857,539.1883299,10.7452678,56.27945005,0.01965016653,606.2326979,54401.86923,50117.06266,9.526047506e-09
127.4,4140.667867,14.18788106,4154.855748,569.1835442,620.9657834,10.59202118,77.5315175,0.0195296403,709.1088517,54405.92049,50251.06474,9.59062163e-09
127.6,3747.070735,486.0087949,4233.07953,1544.247962,562.4594011,8.08537668,82.50780652,0.0150371634,653.0676215,54623.02226,50389.94273,9.646100807e-09
127.8,2597.407657,1886.600906,4484.008563,1982.389688,390.1155221,4.390375485,68.95618837,0.008268585881,463.4703545,54987.25461,50503.24604,9.609721019e-09
128,1212.0086,3582.094533,4794.103133,1685.535699,181.8703037,1.210506932,43.00215052,0.002352452168,226.0853136,55366.19734,50572.09421,9.696123016e-09
128.2,217.7197559,4805.339729,5023.059485,787.872615,31.9148532,0.0005146705664,16.38151675,1.87754266e-07,48.2968848,55620.77612,50597.71664,9.716131899e-09
128.4,64.29688815,5002.952467,5067.249355,-304.6760349,8.100189618,1.298398882,1.135391352,0.002258457248,10.53623831,55668.1464,50600.89704,9.742507245e-09
128.6,820.9531254,4085.653442,4906.606567,-1097.880254,121.2430247,4.482344121,4.165128835,0.008035632811,129.8985333,55519.17966,50612.57309,9.769792086e-09
128.8,2145.093293,2468.654265,4613.747558,-1232.642299,320.217552,8.062345685,24.10943697,0.01461643896,352.4039511,55273.58993,50659.84237,9.817085811e-09
129,3437.376599,883.8064276,4321.183027,-647.4187369,515.0614192,10.37078978,51.95679652,0.01892424624,577.4079298,55074.88695,50753.70392,9.826180758e-09
129.2,4112.9549,48.47418755,4161.429088,393.8442278,617.6549864,10.33354359,75.11792386,0.01894755569,703.1254014,55045.50995,50884.08087,9.837094694e-09
129.4,3866.164648,340.923734,4207.088382,1420.941581,581.5809607,7.96667289,83.11815084,0.01467276546,672.6804572,55231.46554,51024.37716,9.797076927e-09
129.6,2808.894775,1629.101555,4437.99633,1969.939776,423.135,4.370200666,72.33604913,0.008093048092,499.8493429,55581.50548,51143.50915,9.728864825e-09
129.8,1419.991808,3330.307454,4750.299262,1792.931497,213.9762325,1.221414089,47.64460481,0.002288446566,262.8445399,55970.26958,51219.97032,9.751602192e-09
130,328.5603596,4674.814733,5003.375093,970.1662678,48.73080148,0.0002753719486,20.21100555,5.476168774e-08,68.94208245,56254.94132,51251.56623,9.775249055e-09
130.2,29.19571003,5054.197907,5083.393617,-126.1714111,2.192962184,1.303103187,2.448176409,0.002355123708,5.946596903,56339.8071,51256.41349,9.787072486e-09
130.4,658.0231616,4296.759216,4954.782378,-1000.190849,95.48055226,4.561078299,2.40013364,0.008332449462,102.4500966,56219.53019,51264.74781,9.765244613e-09
130.6,1930.943382,2745.380804,4676.324186,-1256.485902,286.4597904,8.295109706,20.10070797,0.01521872454,314.8708268,55981.5689,51305.24472,9.702489479e-09
130.8,3272.102933,1102.495815,4374.598747,-778.9195826,488.7821842,10.79257034,47.55404571,0.01985128189,547.1486515,55766.63992,51392.04117,9.78798198e-09
131,4074.513616,112.2534237,4186.76704,216.8505859,610.9338739,10.89690802,72.34785437,0.02007931533,694.1987156,55705.09878,51518.33174,9.775249055e-09
131.2,3974.894243,223.6680565,4198.562299,1280.874088,597.6392632,8.547471723,83.26685823,0.0157713445,689.4693645,55858.00288,51659.44058,9.77433956e-09
131.4,3018.308146,1387.21599,4405.524136,1932.358053,454.8867798,4.819275826,75.36790919,0.008900565219,535.0828654,56189.50721,51783.98307,9.785253496e-09
131.6,1637.992263,3077.014725,4715.006988,1877.068087,247.2455124,1.440225688,52.22011692,0.002660038204,300.9085151,56583.07652,51868.06953,9.737959772e-09
131.8,459.3997274,4528.659322,4988.05905,1140.362168,68.67346783,0.002907120604,24.29460625,5.109532447e-06,92.97098631,56894.18243,51906.12338,9.755240171e-09
132,17.07238292,5085.166103,5102.238486,55.69029895,0.01371428416,1.229857758,4.230111206,0.002287128636,5.475970377,57015.65396,51913.41548,9.799805412e-09
132.2,512.486694,4494.477399,5006.964093,-886.2389715,72.40542547,4.629818801,1.114834396,0.008607063706,78.15868573,56926.1268,51919.1627,9.751602192e-09
132.4,1722.553523,3023.818096,4746.371619,-1259.402181,253.1702864,8.706507851,16.37161788,0.01619396207,278.2646061,56699.68112,51953.3095,9.696123016e-09
132.6,3100.316546,1339.024023,4439.340568,-895.1254544,460.5724509,11.63024091,43.10963824,0.02164707574,515.3339771,56472.31282,52032.97226,9.664290701e-09
132.8,4022.397274,203.3279106,4225.725185,41.67563003,600.7867676,12.07037656,69.23825058,0.02248366579,682.1178784,56380.40794,52154.68275,9.699760994e-09
133,4071.251287,131.8562103,4203.107498,1127.159215,610.3557014,9.810202209,82.93609721,0.01828873504,703.1202895,56499.05309,52295.9456,9.751602192e-09
133.2,3224.448016,1158.228283,4382.676299,1870.33516,484.9224543,5.861367851,78.00163512,0.01093685144,568.7963941,56808.08677,52425.41047,9.77433956e-09
133.4,1865.183366,2819.000969,4684.184335,1935.18788,281.2289999,2.020148696,56.66324111,0.003773343607,339.916163,57201.24399,52517.05965,9.801624401e-09
133.6,609.1119095,4363.147696,4972.259606,1292.649481,91.46145461,0.06124314103,28.57532724,0.0001147060149,120.0981397,57534.25016,52561.99056,9.80344339e-09
133.8,25.75490611,5091.886197,5117.641103,233.6732816,1.540932847,0.9314987369,6.452478188,0.00174159897,8.926651372,57690.09859,52572.45749,9.77433956e-09
134,380.5452105,4675.091272,5055.636483,-762.490233,52.23086703,4.309517223,0.3157964126,0.00806850939,56.86424917,57631.97424,52576.33776,9.717041394e-09
134.2,1514.334693,3301.024115,4815.358808,-1245.193097,220.6666114,8.734646,12.95516931,0.01637449137,242.3728012,57419.87986,52604.52105,9.707036952e-09
134.4,2915.047573,1591.474236,4506.521809,-996.3045869,430.6777984,12.25281121,38.66240933,0.02300268532,481.6160217,57183.44834,52676.92653,9.710674931e-09
134.6,3949.207062,320.5686589,4269.775721,-128.8640536,587.2445412,13.29228713,65.81075575,0.02499702754,666.3725811,57063.25293,52793.47721,9.756149666e-09
134.8,4148.645129,64.41529897,4213.060428,964.1606788,619.5013661,11.37605975,82.11522941,0.02144182833,713.0140971,57147.18146,52934.12103,9.783434507e-09
135,3422.628356,940.1476846,4362.776041,1787.798899,512.8256743,7.347952791,80.19387395,0.01389721873,600.3813983,57430.67113,53067.89509,9.8189048e-09
135.2,2099.290978,2552.57124,4651.862218,1969.139918,315.479605,3.006464282,60.91223834,0.005725780481,379.4040334,57818.79744,53166.93523,9.862560546e-09
135.4,777.4679932,4172.704787,4950.17278,1426.109135,116.7872199,0.3063720448,32.99562254,0.0006033573657,150.0898178,58169.26467,53219.09189,9.876202967e-09
135.6,55.84714732,5067.544217,5123.391364,404.565096,6.713996832,0.4838632393,9.082590441,0.0008763275488,16.28132684,58356.83106,53233.43969,9.889845387e-09
135.8,261.9559505,4831.86337,5093.819321,-633.0628621,35.13974817,3.497623029,0.004702251527,0.006501334007,38.64857478,58330.00158,53236.18226,9.875293472e-09
136,1303.672516,3571.850967,4875.523483,-1217.169337,189.262969,8.038634897,9.88157864,0.01504673725,207.1982293,58134.32369,53258.80021,9.88075044e-09
136.2,2710.576129,1857.363913,4567.940042,-1083.594045,399.3737228,12.10743043,34.25263164,0.0227616028,445.7565465,57891.74345,53323.80341,9.922587196e-09
136.4,3846.563609,464.2733439,4310.836953,-293.2052047,570.3926614,13.90293828,62.09292657,0.02623962229,646.4147659,57745.37292,53434.53597,9.998075257e-09
136.6,4197.614372,23.41393976,4221.028311,795.6947528,624.9069726,12.62635306,80.80225283,0.02393683619,718.3595153,57794.67988,53573.65157,1.000262273e-08
136.8,3604.502625,734.9899461,4339.492571,1689.643268,538.2230434,8.840170011,81.90967023,0.01686467199,628.9897483,58050.44643,53710.95386,1.002354111e-08
137,2335.089201,2277.744752,4612.833953,1983.492056,349.562729,4.220719485,64.91071795,0.008146555713,418.702313,58429.89153,53817.05758,1.011812856e-08
137.2,963.3731667,3954.103312,4917.476479,1543.888341,144.3257391,0.8136135614,37.49888378,0.001633544698,182.63987,58794.16541,53876.68893,1.01454134e-08
137.4,109.9309942,5005.701424,5115.632419,569.6743597,15.43940444,0.1240192909,12.08500701,0.0001950622958,27.6486258,59011.23686,53895.60444,1.01272235e-08
137.6,161.14018,4956.560809,5117.700989,-498.1534507,21.28864462,2.44777104,0.17926152,0.004446372018,23.92012355,59015.69445,53897.99346,1.016451279e-08
137.8,1094.246763,3828.595477,4922.84224,-1176.160461,159.2731299,6.741715115,7.178957202,0.01247953588,173.2062818,58838.37853,53915.53629,1.017178874e-08
138,2487.491279,2131.862386,4619.353665,-1157.429202,366.9688279,11.09054341,29.92261475,0.02071644935,408.0027025,58592.42137,53973.0677,1.016087481e-08
138.2,3710.786372,633.8926172,4344.678989,-450.5950813,550.3757502,13.56080591,58.11890528,0.02550179868,622.0809632,58422.01318,54077.33419,1.014632289e-08
138.4,4210.723554,12.43510827,4223.158662,624.0163679,626.4691782,13.06022648,79.00464464,0.02472454624,718.5587739,58437.09365,54213.93499,1.017178874e-08
138.6,3760.966356,548.745865,4309.712221,1579.423628,560.7916931,9.819039963,83.12348286,0.01874583373,653.7529617,58663.5461,54353.83388,1.029729901e-08
138.8,2564.713369,2000.245198,4564.958567,1982.533639,383.0639315,5.280119503,68.60873759,0.01022309992,456.9630117,59031.45536,54466.49679,1.031548891e-08
139,1162.832676,3710.212637,4873.045314,1650.326209,173.7409272,1.449587715,42.03047596,0.002914325689,217.2239053,59406.7554,54533.71008,1.030639396e-08
139.2,189.203311,4904.914249,5094.117561,732.8206486,27.5950066,0.0004617530162,15.42236191,9.800335071e-07,43.01783125,59651.94249,54557.82493,1.030639396e-08
139.4,83.95262629,5043.714833,5127.667459,-354.7774248,10.80972792,1.530849533,0.8337527406,0.002680149688,13.17701034,59688.36262,54560.69516,1.035277819e-08
139.6,894.3463101,4063.727915,4958.074225,-1120.05602,131.0106854,5.306969043,4.873580661,0.009651677467,141.2008867,59531.86224,54573.78802,1.040098141e-08
139.8,2253.43173,2408.273127,4661.704856,-1216.400134,333.8047087,9.602494957,25.71680641,0.01772230243,369.1417324,59285.64782,54623.94297,1.03682396e-08
140,3546.097775,826.2530234,4372.350798,-600.0325963,527.3983945,12.47820309,53.92950479,0.02324807179,593.8293505,59093.57516,54721.22437,1.047010301e-08
140.2,4187.400055,33.24469021,4220.644746,450.0476825,624.1530933,12.64980834,76.73956841,0.02376354769,713.5662335,59075.01106,54854.36631,1.045191311e-08
140.4,3887.197946,387.6920141,4274.88996,1458.301153,580.2634078,10.05486902,83.81958076,0.01906787799,674.1569255,59270.76173,54995.87177,1.044372766e-08
140.6,2781.354159,1728.747708,4510.101867,1967.93535,415.5937466,5.867389623,71.96335274,0.01128698767,493.435776,59624.55981,55114.45794,1.051830623e-08
140.8,1370.148529,3449.143469,4819.291999,1747.78051,204.6897689,1.958408253,46.5383171,0.003894031521,253.1903883,60008.50649,55189.21449,1.051830623e-08
141,291.8130688,4770.08439,5061.897459,897.0694402,43.0322069,0.04954628305,19.05581025,0.0001375633251,62.137701,60280.96345,55219.06599,1.048556442e-08
141.2,33.70844441,5093.726741,5127.435186,-199.3590203,3.810469593,0.9424231263,1.959201191,0.001588648344,6.713682558,60350.69102,55223.25584,1.048647391e-08
141.4,711.8620681,4273.696456,4985.558525,-1045.198941,104.7866333,4.169573401,2.989752128,0.007458165317,111.953417,60218.19188,55232.63336,1.051103027e-08
141.6,2018.617923,2681.224134,4699.842057,-1257.353659,300.2526027,8.219955304,21.68140696,0.01498314492,330.1689481,59975.53117,55275.68912,1.05737854e-08
141.8,3362.036937,1037.001597,4399.038534,-739.4390214,501.7223575,11.23207299,49.57172982,0.0206969961,562.5468573,59764.69865,55365.66011,1.057742338e-08
142,4133.894825,84.91278441,4218.807609,274.4580389,617.9912103,11.83783718,74.03348283,0.02200194139,703.8845323,59713.34918,55494.54157,1.056196197e-08
142.2,3984.940422,255.3510162,4240.291438,1325.619238,596.4255751,9.774912956,83.99186796,0.01833108464,690.2106871,59877.00627,55636.71483,1.060288923e-08
142.4,2982.831548,1470.517565,4453.349113,1938.265564,446.7899406,5.993011373,74.93867518,0.01137938768,527.7330065,60213.89636,55760.54725,1.064836397e-08
142.6,1581.311625,3179.794863,4761.106489,1834.923917,236.8244438,2.210579623,50.97306277,0.004308416819,290.0123946,60603.8183,55842.71181,1.062471711e-08
142.8,414.6547685,4609.122709,5023.777478,1062.100567,61.5764103,0.1273984941,22.94514993,0.0002949564773,84.64925368,60902.52135,55878.74387,1.058833732e-08
143,10.49267943,5111.439424,5121.932103,-30.65148794,0.3714565333,0.6528963068,3.543248765,0.001087678432,4.568689283,61006.98918,55885.05707,1.053103915e-08
143.2,551.0452836,4459.530477,5010.575761,-948.8368414,80.90464525,3.5002331,1.549317161,0.006226969813,85.96042248,60902.08379,55891.50803,1.056196197e-08
143.4,1790.814921,2948.73957,4739.554491,-1276.768903,266.7072349,7.327770483,17.86356409,0.01327684496,291.9118463,60667.43225,55927.87776,1.051012077e-08
143.6,3167.933514,1263.103522,4431.037036,-865.7153152,473.6606983,10.35969089,45.09781506,0.01895533352,529.1371596,60441.42795,56010.39091,1.053012966e-08
143.8,4058.67347,165.578123,4224.251593,98.72027264,608.0793197,11.20008979,70.92124798,0.02064176642,690.2212992,60358.62702,56134.37543,1.047010301e-08
144,4059.84444,152.6359023,4212.480342,1180.498641,609.1195459,9.468437264,83.64324378,0.01757105525,702.248798,60488.86397,56276.38363,1.045009412e-08
144.2,3171.221164,1229.605109,4400.826273,1890.387434,476.3177768,5.967582161,77.50554779,0.01117171537,559.8020785,60805.63853,56404.81226,1.046464604e-08
144.4,1795.456812,2908.415963,4703.872776,1907.308415,269.7929775,2.309880258,55.28799819,0.004397829759,327.3952537,61198.0842,56494.21142,1.050921128e-08
144.6,555.5976775,4428.708638,4984.306316,1223.633833,83.02623057,0.1745081487,27.04871443,0.0003651943531,110.2498183,61521.11041,56536.8041,1.051466825e-08
144.8,12.89218106,5102.142046,5115.034227,148.6797827,0.5428487473,0.5367784123,5.569807789,0.0009186417018,6.65035359,61661.03622,56546.00199,1.053376764e-08
145,412.6953496,4623.998032,5036.693382,-831.1962811,59.65461068,3.222090854,0.5709268874,0.005787018744,63.45341544,61587.02187,56550.32849,1.048283593e-08
145.2,1573.501101,3211.024872,4784.525973,-1272.604187,233.5785407,6.988011102,14.31025617,0.01271178541,254.8895197,61365.02814,56580.50217,1.047919795e-08
145.4,2969.290925,1503.165098,4472.456023,-975.6998426,443.5695609,10.09616746,40.56390413,0.01848878547,494.2481213,61127.9861,56655.53007,1.042644726e-08
145.6,3967.844469,273.7202744,4241.564743,-74.58889211,594.5702016,11.11163403,67.44486491,0.02044453805,673.1471451,61015.6711,56774.10636,1.044190867e-08
145.8,4117.057167,79.21508687,4196.272254,1023.34144,618.2371757,9.563445634,82.78463812,0.01766943415,710.6029289,61111.48104,56915.20879,1.046009857e-08
146,3349.609994,1007.487529,4357.097523,1821.70936,503.8690013,6.163319133,79.6409704,0.01144135209,589.6847322,61404.71822,57047.62069,1.046646503e-08
146.2,2013.34487,2638.024681,4651.369551,1959.667312,303.239072,2.481609314,59.43876131,0.004643712164,365.1640863,61795.43517,57144.06561,1.050739229e-08
146.4,713.6420495,4232.451417,4946.093466,1375.098295,107.1520891,0.2278774852,31.32315002,0.0004426959083,138.7035593,62139.64845,57193.55499,1.051830623e-08
