时间t(s),动能T(J),势能V(J),机械能E(J),波浪输入功率Pin(W),垂荡兴波耗散bh_zdotf2(W),纵摇兴波耗散btheta_thetadotf2(W),直线PTO耗散Pl(W),旋转PTO耗散Ptheta(W),总耗散Pd(W),累计输入功Win(J),累计耗散Wdiss(J),能量残差E-(Win-Wdiss)(J)
0,0,0,0,0,0,0,0,0,0,0,0,0
0.2,32.99746917,3.93485938,36.93232855,358.0355767,6.298041355,0.2168506885,22.75762419,0.007883036176,29.28039927,40.47198266,3.53965411,5.531717306e-10
0.4,90.40036019,26.10438635,116.5047465,434.2282618,13.1463106,0.7281678415,0.02443724944,0.02925167675,13.92816737,123.9858933,7.481146786,6.343157111e-10
0.6,118.9992327,69.18621133,188.185444,305.1567458,14.05962404,1.116309577,20.00994465,0.00639642298,35.19227469,200.3909077,12.20546368,6.771756489e-10
0.8,84.81404401,135.9404534,220.7544974,94.85852683,8.699803144,1.12343955,24.58292491,0.007458213225,34.41362582,240.5286532,19.77415581,7.10713266e-10
1,22.08014089,197.2275516,219.3076925,-30.18939504,1.247605449,0.6747931858,12.95667773,0.001321610495,14.88039798,244.0077449,24.70005235,7.171365723e-10
1.2,14.71756039,204.0077698,218.7253302,92.61466652,2.537769324,0.1326973969,4.394665168,0.003005915323,7.068137804,245.2842311,26.55890091,7.200924301e-10
1.4,132.5660014,138.4293996,270.9954009,494.48757,22.0044582,0.06366986466,0.3054411209,0.002023032691,22.37559222,300.0897396,29.09433862,7.214566722e-10
1.6,367.5024898,47.5206262,415.023116,1026.02943,56.74627343,0.9334897514,1.634333309,0.01049260925,59.3245891,452.0057643,36.98264823,7.231619747e-10
1.8,616.7247063,31.86083129,648.5855376,1430.21843,90.20356513,2.769058781,10.25224127,0.003873999809,103.2287392,701.8976116,53.31207399,7.272547009e-10
2,736.4103446,187.1988035,923.6091481,1489.248187,101.7942787,5.073525689,22.54793778,0.00812617751,129.4238684,1000.692573,77.08342483,7.340759112e-10
2.2,639.2965955,528.8802862,1168.176882,1153.176895,81.24814982,6.940384389,30.62587374,0.02147325628,118.8358812,1270.751766,102.5748843,7.437392924e-10
2.4,373.1398782,950.868939,1324.008817,588.7451449,38.92009396,7.451094085,28.95125212,0.007229963258,75.32967012,1446.366415,122.3575975,7.535163604e-10
2.6,120.2553987,1259.385894,1379.641292,111.8687711,4.09606852,6.264211435,18.32445105,0.01569165605,28.70042267,1512.116979,132.4756872,7.60110197e-10
2.8,103.5581405,1277.802212,1381.360352,27.28498126,9.595727095,3.771440991,5.584866876,0.005192173808,18.95722714,1517.689432,136.3290803,7.648850442e-10
3,445.9780788,967.8854352,1413.863514,460.290815,70.41411537,1.183465399,0.013048313,0.0008583409197,71.61148742,1558.16409,144.3005758,7.660219126e-10
3.2,1068.867563,489.9633843,1558.830947,1270.131663,169.7390661,0.0002788602235,7.765501782,3.103254691e-05,177.5048778,1727.44104,168.6100925,7.707967598e-10
3.4,1702.642295,149.1910756,1851.83337,2100.804516,262.9292194,1.360884101,27.38797797,0.005891223507,291.6839727,2067.723168,215.8897976,7.780727174e-10
3.6,2021.275784,238.8528182,2260.128602,2550.579725,300.0379886,5.426043049,49.65709929,0.01077998921,355.131911,2541.981923,281.8533208,7.935341273e-10
3.8,1834.848542,859.1884865,2694.037029,2380.372919,255.7613449,11.1581365,62.40903845,0.02441534314,329.3529352,3045.918332,351.8813031,8.099050319e-10
4,1228.472629,1819.532338,3048.004967,1650.883915,149.3339349,16.59049308,57.76701336,0.03649812535,223.7279394,3456.156183,408.1512161,8.29459168e-10
4.2,553.9865572,2698.16731,3252.153867,713.7000554,40.54869486,19.59741796,37.51749855,0.03662267711,97.70023404,3692.111225,439.9573585,8.399183571e-10
4.4,258.9782557,3049.806136,3308.784392,50.33136509,0.7461404184,18.84015715,13.17872653,0.03982106949,32.80484516,3760.146265,451.3618731,8.458300726e-10
4.6,634.6334202,2660.262431,3294.895851,33.62262669,72.62185413,14.40698969,0.1891227265,0.02665404225,87.24462058,3756.074156,461.1783049,8.485585568e-10
4.8,1622.795566,1705.046957,3327.842523,730.9074906,241.1959477,7.994176591,9.125855414,0.01474173957,258.3307215,3822.040546,494.1980235,8.531060303e-10
5,2803.916491,705.6268117,3509.543303,1851.779017,434.4571578,2.302340777,38.91087034,0.004258869254,475.6746277,4077.224509,567.6812061,8.653842087e-10
5.2,3594.474066,281.3163022,3875.790368,2875.355842,556.9906905,0.0001422998982,76.21513753,0.0001047668391,633.2060751,4556.2228,680.4324317,8.858478395e-10
5.4,3562.708706,813.0198131,4375.728519,3300.845468,541.0942367,2.585448611,101.9706237,0.005596474689,645.6559054,5186.8503,811.1217811,9.167706594e-10
5.6,2692.936546,2199.701968,4892.638513,2900.427714,388.1028132,9.654383571,101.8149315,0.02115640847,499.5932847,5820.557697,927.9191835,9.476934792e-10
5.8,1441.014654,3856.422274,5297.436928,1845.98889,175.388689,18.91787958,74.75693137,0.03982275526,269.1033227,6302.634455,1005.197527,9.649738786e-10
6,527.8569551,4982.245652,5510.102608,640.9109879,21.54799402,27.01866495,34.93697073,0.05496598088,83.55859569,6548.684404,1038.581796,9.722498362e-10
6.2,562.2758594,4977.316966,5539.592825,-117.2210024,25.16754514,30.84414339,4.931208927,0.06391303672,61.0068105,6589.264409,1049.671583,9.66792868e-10
6.4,1689.633186,3792.682657,5482.315843,-30.3178128,208.7945838,28.80371036,3.757585745,0.05786854016,241.4137484,6559.086038,1076.770195,9.75887815e-10
6.6,3465.766758,2012.799979,5478.566737,895.0824913,499.6040194,21.56943729,35.96462436,0.04374430942,557.1818254,6634.019888,1155.453152,9.94077709e-10
6.8,5046.55712,600.0066945,5646.563814,2236.719164,760.5517061,11.89184152,88.00367841,0.02406650364,860.4712925,6945.391918,1298.828103,1.017724571e-09
7,5615.044089,409.9961852,6025.040275,3351.699557,859.0637501,3.582549385,134.4032742,0.00703898404,997.0566127,7513.387083,1488.346809,1.070475264e-09
7.2,4830.02457,1722.130429,6552.154999,3687.238019,738.7236307,0.01687730021,150.9523395,4.0829975e-05,889.6928883,8233.246462,1681.091463,1.115949999e-09
7.4,3051.534112,4040.329483,7091.863594,3056.310364,455.2601991,2.770010368,128.039759,0.005701995943,586.0756704,8922.745034,1830.88144,1.146872819e-09
7.6,1202.930042,6293.576787,7496.506829,1740.421769,154.855236,10.94833696,76.81712951,0.02214128507,242.6428437,9409.29485,1912.788021,1.166881702e-09
7.8,317.8003882,7358.922146,7676.722534,363.9893886,2.560117517,21.50028912,24.39711133,0.043458732,48.5009767,9614.769143,1938.046609,1.175976649e-09
8,994.6081378,6650.871762,7645.4799,-403.7173148,96.00966464,30.39832001,0.1091143451,0.06196144181,126.5790604,9596.138259,1950.658359,1.215084922e-09
8.2,3046.580675,4467.902424,7514.483099,-176.1989549,409.6423245,34.22208372,19.81773478,0.06962032802,463.7517634,9520.761331,2006.278232,1.233274816e-09
8.4,5547.240873,1896.103355,7443.344229,953.8607032,800.9020002,31.51127046,76.7003748,0.06483333614,909.1784788,9586.879045,2143.534817,1.266016625e-09
8.6,7271.731945,292.7849262,7564.516871,2449.077454,1078.55348,23.33060349,143.766642,0.0484603911,1245.699186,9927.102894,2362.586023,1.300577424e-09
8.8,7322.586014,596.6143333,7919.200347,3580.845243,1100.228345,12.83449124,187.2939054,0.02716779675,1300.38391,10541.90117,2622.700826,1.341504685e-09
9,5618.857696,2816.298228,8435.155924,3781.865624,849.209142,4.001369879,184.4455011,0.008993489753,1037.665006,11296.34883,2861.192904,1.386069926e-09
9.2,2983.310043,5974.866722,8958.176764,2926.762127,449.0960507,0.06085784175,135.8292774,0.000259097908,584.9864451,11983.0309,3024.85414,1.424268703e-09
9.4,761.6095908,8561.995669,9323.60526,1401.882643,105.8957098,2.248241076,66.11388091,0.003858475779,174.2616902,12421.61495,3098.009687,1.427906682e-09
9.6,150.7534052,9283.984672,9434.738077,-73.66882783,4.759392886,9.37751084,11.94240231,0.01766882408,26.09697486,12547.09864,3112.360567,1.424268703e-09
9.8,1574.267345,7736.484597,9310.751942,-792.6044635,213.4276956,18.38587577,3.108365982,0.03578910043,234.9577264,12443.42849,3132.676545,1.396983862e-09
10,4431.200534,4649.170469,9080.371002,-404.0349264,642.866486,25.60302807,46.7163044,0.05075752733,715.2365759,12305.14807,3224.777066,1.406078809e-09
10.2,7363.771032,1559.099666,8922.870698,910.0487143,1087.534023,28.21388464,122.7572617,0.0570270099,1238.562196,12344.58486,3421.714162,1.429725671e-09
10.4,8924.23225,59.09841887,8983.330669,2514.929206,1327.054756,25.31962741,193.7442678,0.05217105291,1546.170822,12688.91255,3705.581886,1.475200406e-09
10.6,8310.636808,991.5006014,9302.137409,3624.589656,1238.670369,18.19068427,223.728675,0.03852657709,1480.628255,13317.00556,4014.868151,1.531589078e-09
10.8,5795.250518,3997.711063,9792.961581,3680.812524,862.8188264,9.644320385,196.987853,0.0214214308,1069.472421,14067.33656,4274.374981,1.58615876e-09
11,2616.931929,7664.108078,10281.04001,2626.780381,386.8643517,2.842701115,126.6342756,0.007083216068,516.3484116,14714.04968,4433.009677,1.607986633e-09
11.2,378.3338361,10206.56959,10584.90342,941.1263519,53.30832518,0.02641665137,48.46045049,0.0002822976074,101.7954746,15075.20635,4490.302933,1.61708158e-09
11.4,243.7652157,10359.58623,10603.35145,-586.803532,37.77420304,1.69848821,2.93631164,0.00239107132,42.41139396,15101.1716,4497.82015,1.61708158e-09
11.6,2342.071159,8023.905252,10365.97641,-1234.44706,358.5006533,6.5616331,14.47940411,0.0112665421,379.552957,14900.15146,4534.175053,1.624357537e-09
11.8,5682.196193,4339.841514,10022.03771,-695.2327951,864.1076984,12.18368207,78.66737083,0.02233420243,954.9810855,14687.85656,4665.81885,1.653461368e-09
12,8633.257648,1138.295821,9771.553469,769.463154,1307.20358,16.0686114,164.0938231,0.0306816367,1487.396696,14684.81374,4913.260275,1.715307008e-09
12.2,9734.639184,35.76114498,9770.400329,2450.6443,1467.74297,16.66407804,228.0861097,0.03291887873,1712.526077,15010.33651,5239.936177,1.80079951e-09
12.4,8430.879337,1623.604914,10054.48425,3528.471301,1264.241981,13.89627762,238.3544586,0.02851753268,1516.521235,15624.18374,5569.69949,1.879016054e-09
12.6,5359.509511,5160.389471,10519.89898,3464.92198,796.400472,9.049313351,189.5275006,0.01957911378,994.996865,16344.35524,5824.456259,1.964508556e-09
12.8,2042.505578,8927.341999,10969.84758,2263.883014,296.8987275,4.09607635,106.0807151,0.009753931731,407.0852729,16933.03714,5963.189559,1.995431376e-09
13,132.0132758,11075.1663,11207.17958,472.9878177,15.92084249,0.8098957137,30.09107361,0.002576281232,46.82438809,17209.91167,6002.732098,2.017259249e-09
13.2,586.6652748,10542.31655,11128.98182,-1074.97996,96.10241455,0.05241581373,0.002421320382,2.629967519e-06,96.15725432,17138.68899,6009.707169,2.029992174e-09
13.4,3191.414204,7586.37308,10777.78728,-1658.326509,500.7196922,1.524075395,31.18394854,0.001850052116,533.4295662,16845.30254,6067.515254,2.019078238e-09
13.6,6662.289217,3661.67287,10323.96209,-1011.180416,1031.347422,4.038684891,108.1537489,0.006151639686,1143.546008,16558.76873,6234.806647,2.029992174e-09
13.8,9284.21974,702.2539368,9986.473676,548.2068134,1426.313051,6.150001868,192.3967343,0.01025878367,1624.870046,16502.67072,6516.197042,2.108208719e-09
14,9762.993637,166.017585,9929.011222,2267.269658,1490.734478,6.818920702,241.7816852,0.01207133527,1739.347155,16788.87935,6859.868132,2.179149305e-09
14.2,7865.942093,2314.961921,10180.90401,3315.924923,1193.171871,5.820529787,231.7237572,0.0108941568,1430.727053,17364.13871,7183.234692,2.248270903e-09
14.4,4533.024122,6088.129046,10621.15317,3180.480145,680.8011106,3.734899373,167.4134167,0.00750965738,851.9569363,18034.98895,7413.835781,2.313754521e-09
14.6,1405.795762,9628.353479,11034.14924,1907.237212,205.8991501,1.569486297,81.02046015,0.003602556128,288.4926991,18559.20985,7525.060605,2.346496331e-09
14.8,12.05104661,11199.30471,11211.35575,80.23632097,0.6739480314,0.2265420827,15.40685062,0.0008248001231,16.30816554,18760.35216,7548.996411,2.34831532e-09
15,1013.273112,10037.58386,11050.85697,-1455.715769,162.9021304,0.08259235159,2.653411266,6.998091747e-06,165.6381411,18611.03536,7560.178389,2.350134309e-09
15.2,3886.989154,6720.138293,10607.12745,-1994.652876,608.91986,0.8710106706,48.21255895,0.0008801413463,658.0043098,18245.64503,7638.517583,2.368324203e-09
15.4,7196.407186,2870.315535,10066.72272,-1301.985359,1116.530711,1.897130557,128.5358495,0.002377229497,1246.966069,17896.64804,7829.925316,2.433807822e-09
15.6,9307.039178,353.7855495,9660.824727,277.0008369,1435.611666,2.450343266,203.1655373,0.003312578583,1641.230859,17784.91494,8124.090217,2.510205377e-09
15.8,9190.923368,364.9507376,9555.874105,1982.673401,1411.027623,2.188892465,235.0358306,0.003049058106,1648.255395,18016.02223,8460.148122,2.552042133e-09
16,6921.201612,2853.088793,9774.290405,3000.693459,1057.198377,1.300153006,208.7437934,0.001808082146,1267.244132,18531.36681,8757.076409,2.586602932e-09
16.2,3618.938663,6564.280034,10183.2187,2844.777207,548.4522626,0.3638226712,137.7555167,0.0004709538583,686.5720729,19136.7324,8953.513703,2.65390554e-09
16.4,887.88227,9669.072558,10556.95483,1582.140521,131.3465645,0.002370391437,57.19917148,1.469575097e-05,188.5481211,19594.27829,9037.323466,2.673914423e-09
16.6,23.82523823,10659.7631,10683.58834,-202.9653366,3.336163001,0.5126629427,6.124005997,0.0008990023399,9.973730943,19734.19649,9050.608148,2.695742296e-09
16.8,1389.994395,9075.275454,10465.26985,-1687.825737,217.7707474,1.680481663,8.23391297,0.002757779072,227.6878998,19533.4604,9068.190554,2.723027137e-09
17,4260.078814,5704.417131,9964.495945,-2198.488709,661.0179755,2.88251078,60.63580491,0.004573204538,724.5408644,19125.10163,9160.605688,2.74485501e-09
17.2,7194.852662,2179.640753,9374.493415,-1522.752912,1111.216036,3.427941191,135.9348247,0.005254123194,1250.584056,18734.46545,9359.972034,2.743036021e-09
17.4,8756.174447,171.7110473,8927.885495,-3.250081649,1348.112349,2.961667205,196.2806104,0.004306851068,1547.358933,18573.16349,9645.277999,2.790329745e-09
17.6,8202.670969,584.4117931,8787.082762,1629.90042,1259.358822,1.710458068,212.127223,0.002226166529,1473.198729,18740.83869,9953.755929,2.846718417e-09
17.8,5829.870602,3138.458769,8968.329371,2604.7834,891.8416825,0.4257650175,176.3742922,0.0003578424059,1068.642098,19180.48847,10212.1591,2.910383046e-09
18,2799.799198,6535.305511,9335.104709,2467.461445,424.7631578,0.02896006274,107.1209247,0.0002547536202,531.9132973,19707.37066,10372.26596,2.963133738e-09
18.2,557.268217,9106.237183,9663.5054,1287.704656,79.78961331,1.122432726,38.06585093,0.002826066474,118.980723,20096.84224,10433.33684,2.952219802e-09
18.4,127.2609138,9620.904716,9748.16563,-382.5524601,13.52860058,3.613102649,1.659137403,0.007714815099,18.80855545,20189.24257,10441.07694,2.968590707e-09
18.6,1635.920324,7862.489532,9498.409856,-1774.142,244.6452296,6.657359014,13.46153809,0.01326532069,264.777392,19962.73921,10464.32935,2.963133738e-09
18.8,4278.403703,4701.070937,8979.47464,-2261.396719,649.4592032,8.989918399,65.25937388,0.01717022899,723.7256658,19540.88992,10561.41528,3.01770342e-09
19,6733.960511,1646.117586,8380.078098,-1649.038694,1025.737584,9.509959945,129.9298015,0.01755010548,1165.194896,19132.69329,10752.61519,3.037712304e-09
19.2,7813.572626,108.9906681,7922.563295,-253.501833,1191.682062,7.857153908,175.2277698,0.01396890852,1374.780955,18934.31913,11011.75583,3.076820576e-09
19.4,7021.806279,736.8329182,7758.639197,1254.569137,1071.513667,4.69042419,179.4651041,0.00787255725,1255.677068,19038.87806,11280.23886,3.123204806e-09
19.6,4767.712906,3132.130303,7899.84321,2168.195528,727.3885482,1.50150115,141.4457725,0.002163687306,870.3379855,19395.82999,11495.98678,3.138666216e-09
19.8,2137.73969,6076.971019,8214.710709,2071.278131,324.6311492,0.005537992364,80.13852724,1.900052165e-05,404.7752335,19837.66547,11622.95476,3.134118742e-09
20,356.0007653,8136.754454,8492.755219,1023.459686,49.56798273,1.357695838,24.7206718,0.003430081739,75.64978045,20159.92117,11667.16595,3.145032679e-09
20.2,200.7963688,8343.245634,8544.042003,-479.2777421,20.91995003,5.548991186,0.2220663611,0.0121263708,26.70313395,20216.26046,11672.21845,3.126842785e-09
20.4,1655.492971,6631.618017,8287.110988,-1744.258445,236.9166506,11.28052698,15.84640114,0.02342295911,264.0670017,19984.36265,11697.25166,3.148670658e-09
20.6,3948.586529,3835.89395,7784.480479,-2206.024932,581.4383233,16.41723083,61.40098923,0.03315473738,659.2896981,19573.00984,11788.52936,3.152308636e-09
20.8,5946.849355,1263.539618,7210.388973,-1682.811682,883.5169297,18.86307448,113.1070068,0.03737342207,1015.524384,19168.69274,11958.30377,3.194145393e-09
21,6700.73388,66.6932968,6767.427176,-449.3106888,999.682638,17.4951967,145.5247841,0.03410831444,1162.736727,18947.98312,12180.55595,3.255991032e-09
21.2,5879.264616,712.8542664,6592.118882,902.4438927,879.4567211,12.74150629,143.6071359,0.02440919417,1035.829773,18996.93557,12404.81669,3.287823347e-09
21.4,3896.401411,2797.198824,6693.600235,1743.805006,584.2565508,6.518185001,109.1803465,0.01215108575,699.9672334,19274.33775,12580.73751,3.297827789e-09
21.6,1685.109697,5267.832647,6952.942344,1698.58255,253.3448417,1.510818423,59.12760341,0.0025953172,313.9858589,19634.36952,12681.42717,3.285094863e-09
21.8,241.8716534,6939.836732,7181.708386,807.5334375,35.49465999,0.07277368804,16.63071516,0.0002488337307,52.19839767,19896.476,12714.76761,3.26326699e-09
22,164.535671,7046.364355,7210.900026,-503.1784528,19.93421865,3.198557515,0.006361056853,0.006904350801,23.14604157,19928.98726,12718.08724,3.284185368e-09
22.2,1397.325759,5570.928267,6968.254026,-1628.756006,198.5353755,10.02138904,14.50818889,0.02071622152,223.0856696,19707.79207,12739.53804,3.30965122e-09
22.4,3289.190456,3219.381557,6508.572012,-2067.410875,474.8749185,18.07825605,50.72146256,0.03676390745,543.711401,19324.05426,12815.48225,3.314198693e-09
22.6,4921.336277,1063.283054,5984.619331,-1645.692162,713.2400544,24.26463074,89.8538576,0.04893749619,827.4074802,18939.11908,12954.49975,3.356944944e-09
22.8,5538.882298,35.08253192,5573.96483,-586.6259975,802.7132445,26.10087697,112.9968678,0.05240662406,941.863396,18708.9288,13134.96397,3.403329174e-09
23,4883.895045,512.9998841,5396.894929,604.9041177,706.1297341,22.78468238,109.8007815,0.04565665883,838.7608546,18713.39838,13316.50345,3.448803909e-09
23.2,3284.470506,2178.919843,5463.39035,1380.913054,472.56012,15.57756202,82.61227001,0.03122261687,570.7811747,18922.69997,13459.30962,3.487912181e-09
23.4,1474.40834,4198.016294,5672.424634,1400.266619,209.9853566,7.343136898,44.5116761,0.01477385667,261.8549434,19214.48558,13542.06095,3.521563485e-09
23.6,241.4765853,5620.51664,5861.993226,676.0318859,33.12144993,1.409382382,12.60841326,0.002886176277,47.14213175,19432.44443,13570.4512,3.559762263e-09
23.8,73.01480558,5812.11677,5885.131576,-442.7204782,11.56567539,0.2161065051,0.01478566969,0.0003956707326,11.79696324,19458.20729,13573.07572,3.593413567e-09
24,957.4699776,4718.806603,5676.27658,-1440.236482,141.5360218,4.307599316,10.24426621,0.008420534141,156.0963079,19263.60967,13587.33309,3.61342245e-09
24.2,2419.911108,2858.23368,5278.144787,-1872.373282,352.2324819,12.09354256,36.36981462,0.02387505354,400.7197141,18920.43877,13642.29398,3.627064871e-09
24.4,3760.014961,1058.45441,4818.469371,-1563.871263,541.5710372,20.48414828,64.92832991,0.04068946194,627.0242049,18564.83131,13746.36194,3.635250323e-09
24.6,4373.577706,75.56000706,4449.137713,-677.4924406,623.345191,26.14109198,82.42217255,0.05224384312,731.9606994,18334.0088,13884.87109,3.647073754e-09
24.8,4010.410337,266.3663743,4276.776711,370.9910582,564.1393277,26.82830803,81.29488468,0.05402071947,672.3165411,18304.77525,14027.99854,3.653440217e-09
25,2860.270247,1456.194239,4316.464487,1107.821384,394.4825673,22.30544432,62.7746153,0.04539135921,479.6080183,18461.26047,14144.79599,3.692548489e-09
25.2,1441.753482,3046.705369,4488.458851,1214.802271,191.2443615,14.39918814,35.60892772,0.02981315162,241.2822905,18705.22716,14216.76831,3.705281415e-09
25.4,356.6758523,4300.947254,4657.623106,665.4574633,41.08905065,6.231850177,11.62020472,0.01337581662,58.95448137,18902.73818,14245.11507,3.688001016e-09
25.6,25.86967335,4670.22343,4696.093103,-273.6234555,2.284012581,0.9364568415,0.3176728744,0.002314440295,3.540456737,18945.04319,14248.95009,3.6734491e-09
25.8,521.2878094,4018.908419,4540.196229,-1171.41258,81.49843363,0.3956569779,4.995507996,0.0005223493983,86.89012095,18796.11905,14255.92282,3.657987691e-09
26,1558.990489,2657.50094,4216.49143,-1628.90626,234.4375873,4.52206405,21.86021877,0.008076515047,260.8279466,18506.3189,14289.82747,3.657987691e-09
26.2,2643.875171,1182.785737,3826.660908,-1454.03588,388.2251037,11.3619493,42.26859125,0.02134823464,441.8769925,18187.38207,14360.72116,3.689820005e-09
26.4,3293.380663,206.3112322,3499.691895,-738.9824532,474.3405509,17.95564144,56.81724411,0.03460434442,549.1480408,17961.26521,14461.57331,3.689820005e-09
26.6,3239.906981,93.9574881,3333.864469,190.0680142,457.3530864,21.57580797,59.36893896,0.04239368838,538.340227,17906.24922,14572.38475,3.694822226e-09
26.8,2528.665266,825.8722698,3354.537536,923.6497671,347.6651084,20.81977595,49.32989927,0.04171410545,417.8564977,18024.0287,14669.49117,3.72165232e-09
27,1477.989088,2027.630195,3505.619282,1150.546756,194.1393859,16.11100513,31.40495893,0.03308348396,241.6884335,18241.3881,14735.76882,3.714376362e-09
27.2,528.8654852,3148.201457,3677.066943,790.0656412,61.197525,9.42789896,13.18808652,0.02012711049,83.83363759,18444.48321,14767.41627,3.718923836e-09
27.4,54.06822054,3700.874583,3754.942803,19.69926387,1.037610429,3.408177016,1.797726657,0.00792495016,6.251439052,18529.6833,14774.7405,3.706645657e-09
27.6,208.3590172,3462.980766,3671.339783,-809.7620585,32.77834561,0.231822604,1.023294564,0.0008654614439,34.03432824,18448.38598,14777.04619,3.723016562e-09
27.8,878.1672966,2554.357227,3432.524524,-1330.950882,136.5762117,0.7596478675,10.08139664,0.0009199523236,147.4181761,18226.66469,14794.14016,3.709828889e-09
28,1744.319206,1369.643113,3113.962319,-1318.666434,264.0563602,4.273265066,24.31584733,0.007026714994,292.6524993,17952.12205,14838.15974,3.710738383e-09
28.2,2424.68062,400.9188469,2825.599467,-782.7261462,359.7090367,8.890181951,37.3698127,0.01577010324,405.9848014,17734.63474,14909.03527,3.726199793e-09
28.4,2633.802851,29.58827604,2663.391127,42.3985942,383.8955471,12.43746327,43.83348166,0.02298404416,440.1894761,17658.58803,14995.19691,3.737568477e-09
28.6,2294.201489,374.1178704,2668.31936,803.411068,328.1304695,13.38451351,41.29351336,0.02554207081,382.8340384,17747.23756,15078.9182,3.747572919e-09
28.8,1557.514837,1252.652677,2810.167514,1181.717506,217.0073548,11.43393149,31.0523939,0.02256473243,259.5162449,17954.04037,15143.87285,3.740751708e-09
29,732.2065337,2269.990294,3002.196828,1028.412488,96.7709926,7.541008318,17.36397008,0.01557575183,121.6915467,18183.94544,15181.74862,3.723926056e-09
29.2,151.6511689,2987.932919,3139.584088,424.3198773,15.782099,3.394001289,5.601612115,0.007622337045,24.78533474,18334.90488,15195.32079,3.719378583e-09
29.4,38.07591599,3106.593246,3144.669162,-358.3322872,4.990268092,0.6198837099,0.1310515676,0.001821737972,5.743025108,18341.59915,15196.92999,3.702552931e-09
29.6,416.6170125,2583.064339,2999.681351,-974.3452431,66.10204538,0.0831346795,2.699594274,1.224126151e-05,68.88478657,18202.85595,15203.1746,3.716195351e-09
29.8,1111.540423,1641.846573,2753.386996,-1152.875727,171.7787649,1.579638421,11.89965702,0.002090688822,185.2601511,17981.46797,15228.08098,3.726654541e-09
30,1823.118858,676.2507757,2499.369634,-811.4543927,277.3567416,4.0319041,23.83702574,0.006271248017,305.2319427,17776.8885,15277.51886,3.739842214e-09
30.2,2252.105342,83.492752,2335.598094,-89.40749078,339.1435912,6.060065386,33.69576125,0.01007129441,378.9094892,17682.63925,15347.04116,3.736658982e-09
30.4,2221.12251,101.4862556,2322.608765,712.457414,331.9509732,6.641662494,37.59045413,0.01151726688,376.1946071,17746.52481,15423.91604,3.753484634e-09
30.6,1744.798485,713.1565377,2457.955022,1259.934922,258.9947768,5.551559898,34.02213556,0.01000103852,298.5784733,17950.40908,15492.45406,3.770765034e-09
30.8,1021.580729,1655.975322,2677.55605,1327.282518,150.3712907,3.394299098,24.41728691,0.006419711463,178.1892964,18218.0112,15540.45515,3.783497959e-09
31,351.3909696,2531.816577,2883.207546,893.2907872,50.79826835,1.242146037,12.56597685,0.002590969594,64.60898221,18447.3975,15564.18995,3.760305844e-09
31.2,12.54877902,2971.987778,2984.536557,151.0762512,1.494189691,0.07628816523,3.169812699,0.0002772786791,4.740567834,18554.4669,15569.93035,3.761670087e-09
31.4,147.4591581,2790.174381,2937.633539,-572.9573996,23.37786578,0.3109463637,0.0316703541,0.0003168056623,23.72079931,18509.05146,15571.41792,3.764398571e-09
31.6,703.2222283,2060.755775,2763.978004,-957.4686259,108.3139436,1.626190306,4.558098379,0.002277860641,114.5005102,18348.25264,15584.27463,3.748937161e-09
31.8,1451.731622,1089.800788,2541.532409,-823.8336746,222.0413004,3.175723037,15.14881225,0.00477634035,240.3706121,18161.12504,15619.59263,3.758486855e-09
32,2082.163751,289.4441265,2371.607878,-214.5933937,317.8339549,4.050422634,27.73850981,0.006262759492,349.6291501,18050.90916,15679.30128,3.761215339e-09
32.2,2329.291835,6.133064122,2335.424899,621.6984631,355.6028341,3.756687926,37.33192954,0.005859677981,396.6973112,18090.66431,15755.23941,3.789409675e-09
32.4,2085.562835,373.2802901,2458.843125,1334.435268,318.7734613,2.467754014,39.98088893,0.003818358796,361.2259226,18291.24027,15832.39714,3.807599569e-09
32.6,1450.040306,1250.461109,2700.501415,1620.865665,221.9027984,0.924141164,34.44258623,0.001366208596,257.270892,18595.59649,15895.09508,3.824879968e-09
32.8,691.866096,2276.952002,2968.818098,1358.336654,105.5246263,0.03703303683,22.83017874,3.046719787e-05,128.3918686,18902.43362,15933.61552,3.836248652e-09
33,140.6632763,3020.323119,3160.986396,661.2318339,19.85870762,0.3981539843,9.920280416,0.0007921435271,30.17793417,19109.50851,15948.52211,3.837158147e-09
33.2,47.45543351,3160.020066,3207.475499,-164.0096181,3.759799312,1.948125092,1.305463521,0.003513969791,7.016901894,19158.23721,15950.76171,3.845343599e-09
33.4,474.0531011,2628.768409,3102.82151,-748.8565611,67.61815626,3.978181178,1.076751917,0.006951736226,72.68004109,19060.16042,15957.33891,3.858076525e-09
33.6,1259.463553,1649.562944,2909.026497,-823.0820267,187.7116595,5.474474904,9.980201209,0.00936459838,203.1757002,18893.25045,15984.22395,3.893546818e-09
33.8,2081.274197,648.2345855,2729.508783,-336.0175382,315.0226458,5.640516043,24.87500263,0.009431025539,345.5475955,18768.92693,16039.41815,3.899003787e-09
34,2589.905382,74.46998942,2664.375371,515.8782379,395.4633199,4.337195209,39.83470665,0.007007100169,439.6422289,18783.55623,16119.18086,3.907189239e-09
34.2,2560.788986,205.4544945,2766.24348,1370.046519,393.3143098,2.210649358,48.54786627,0.00332182675,444.0761473,18975.45269,16209.20921,3.921286407e-09
34.4,1998.660318,1017.416511,3016.076828,1854.706607,307.7812931,0.4245047162,47.0700955,0.0004689908619,355.2763623,19306.57597,16290.49914,3.929017112e-09
34.6,1145.501341,2184.66395,3330.165291,1754.040912,174.9882403,0.1068180807,35.73579044,0.0004035410752,210.8312523,19677.71299,16347.5477,3.933109838e-09
34.8,383.5246578,3212.358546,3595.883204,1108.24002,53.70272459,1.770230151,19.30497409,0.003913738703,74.78184257,19971.27601,16375.39281,3.929017112e-09
35,70.79513172,3650.240348,3721.03548,201.7334786,0.2280997662,4.992317484,5.133328282,0.01008478682,10.36383032,20103.33937,16382.30389,3.939931048e-09
35.2,379.433469,3295.734165,3675.167634,-558.3872965,43.08287886,8.532869676,0.03249786071,0.01656255053,51.66480895,20061.86153,16386.6939,3.917193681e-09
35.4,1209.319261,2294.923672,3504.242934,-822.2701709,168.8379263,10.86279835,7.144900504,0.0205549664,186.8661801,19913.57357,16409.33064,3.923105396e-09
35.6,2220.422274,1091.09114,3311.513414,-456.1138214,326.136435,10.87841242,24.26480807,0.02014452523,361.2998,19775.6172,16464.10378,3.927198122e-09
35.8,2975.614113,236.7509791,3212.365093,392.4448449,447.0964075,8.471050504,44.49058184,0.01530340211,500.0733433,19763.80875,16551.44366,3.930836101e-09
36,3134.991526,147.7963903,3282.787916,1354.5613,477.3270268,4.669698515,59.08482188,0.008100569689,541.0896478,19940.30621,16657.51829,3.93447408e-09
36.2,2615.720695,908.7513636,3524.472058,2002.137351,401.3305536,1.258247511,61.381117,0.001936931372,463.971855,20284.35129,16759.87923,3.986315278e-09
36.4,1642.231424,2220.373955,3862.605378,2040.619606,251.405279,0.009710037382,49.99572011,9.058495034e-05,301.4107997,20699.92034,16837.31496,4.004505172e-09
36.6,657.7533597,3520.32767,4178.081029,1445.681109,95.076432,1.867269482,29.79517303,0.004196198848,126.7430707,21057.69607,16879.61504,3.984496288e-09
36.8,130.5836686,4229.733489,4360.317158,480.0283485,5.714118223,6.446664607,10.01098292,0.01335517985,22.18512093,21253.07006,16892.7529,3.978129826e-09
37,339.1157694,4018.128744,4357.244513,-420.328786,29.03836482,12.10859752,0.1936374953,0.02432871206,41.36492855,21254.11117,16896.86666,3.991772246e-09
37.2,1234.178652,2965.592233,4199.770885,-841.4971742,160.8085824,16.60345651,5.76799052,0.03279978548,183.2128292,21117.38118,16917.61029,3.990862751e-09
37.4,2446.623606,1542.488458,3989.112063,-581.2388856,346.6036361,18.03088366,25.26070919,0.03520490483,389.9304338,20963.6654,16974.55334,4.02542355e-09
37.6,3443.984991,408.0177717,3852.002763,254.4301165,504.8670512,15.70121992,50.61350988,0.03035106971,571.2121321,20923.87128,17071.86851,4.061803338e-09
37.8,3770.579224,112.9437568,3883.522981,1294.014057,563.5866459,10.5094543,70.61934393,0.02008714404,644.7355312,21079.26801,17195.74503,4.082266969e-09
38,3262.972678,840.3535903,4103.326269,2066.049667,494.1257348,4.631605709,76.034309,0.00868190607,574.8003315,21423.37166,17320.04539,4.129105946e-09
38.2,2138.858262,2306.606795,4445.465057,2213.780136,326.2683681,0.6458374284,64.03288682,0.001116325163,390.9482086,21863.40796,17417.94291,4.17821866e-09
38.4,911.7928684,3875.272658,4787.065526,1661.10867,136.6141222,0.4388644725,39.8530047,0.0009844848537,176.9069759,22261.43637,17474.37084,4.206412996e-09
38.6,163.8065838,4839.640224,5003.446807,652.3467318,14.62423967,4.366354326,14.70005076,0.008897634425,33.69954239,22496.94307,17493.49627,4.188223102e-09
38.8,276.2513229,4748.693972,5024.945295,-355.0162243,21.32285626,11.04136367,0.7177979487,0.02210080601,33.10411868,22522.45372,17497.50842,4.177309165e-09
39,1243.478366,3625.991147,4869.469513,-897.7399086,159.7540051,17.86318515,5.279578258,0.03551026583,182.9322787,22386.40063,17516.93111,4.200956027e-09
39.2,2660.403237,1975.068819,4635.472056,-720.3959179,371.5401909,22.08082538,27.29089587,0.04377297691,420.9556851,22212.13576,17576.6637,4.216417437e-09
39.4,3896.928387,560.9923005,4457.920687,103.6045521,562.1454466,21.94872292,57.36013061,0.04349835886,641.4977985,22142.05846,17684.13777,4.230059858e-09
39.6,4384.586999,62.30065679,4446.887656,1201.102506,643.9932951,17.48240589,81.92560802,0.03471780525,743.4360268,22272.12119,17825.23353,4.254616215e-09
39.8,3884.822199,751.8701436,4636.692343,2067.397311,577.751101,10.48397408,89.53415342,0.02093732169,677.7901658,22606.8514,17970.15906,4.279172572e-09
40,2611.934588,2357.197517,4969.132105,2297.844401,392.2535962,3.814723946,76.3574716,0.007736715704,472.4335285,23056.01149,18086.87938,4.34465619e-09
40.2,1147.62058,4171.397534,5319.018114,1776.461553,172.9675267,0.2137865515,48.27934217,0.0004857221719,221.4611412,23475.0524,18156.03429,4.32919478e-09
40.4,180.1838207,5370.688818,5550.872639,733.4354692,23.44974151,1.158450907,18.4275723,0.002128209757,43.03789293,23731.24499,18180.37235,4.337380233e-09
40.6,185.4476357,5395.663972,5581.111608,-357.0409032,17.17672901,6.247811157,1.168220006,0.01196435419,24.60472453,23765.19797,18184.08636,4.345565685e-09
40.8,1197.794358,4219.332193,5417.126551,-993.4152927,162.215034,13.37113247,5.313574039,0.02594360566,180.9256841,23619.18327,18202.05672,4.354660632e-09
41,2781.875367,2373.052841,5154.928208,-878.8810501,395.7805204,19.58974345,29.76673599,0.03834509985,445.1753449,23418.7036,18263.77539,4.371031537e-09
41.2,4224.09337,711.7964851,4935.889855,-61.37106727,612.056172,22.35900567,63.76179843,0.04413828658,698.2211143,23315.2646,18379.37474,4.371941031e-09
41.4,4859.721124,22.31048126,4882.031606,1084.732472,710.9732477,20.5746415,91.72124635,0.04103406317,823.3101696,23416.43035,18534.39875,4.398316378e-09
41.6,4385.179852,654.2877568,5039.467609,2028.601035,645.4138252,15.00586453,100.5384799,0.03037488161,760.9885445,23735.46869,18696.00108,4.461981007e-09
41.8,3008.113797,2348.139755,5356.253552,2327.486506,444.4897959,7.941572621,85.86909501,0.01650955774,538.3169731,24184.17942,18827.92587,4.538378562e-09
42,1360.856118,4344.439994,5705.296112,1833.024185,201.367474,2.210819339,54.39887431,0.004939833818,257.9821075,24612.7114,18907.41529,4.536559572e-09
42.2,212.8273791,5729.439942,5942.267321,763.0617684,30.64706076,0.0007049989267,20.90805856,3.642523707e-05,51.55586074,24878.38925,18936.12193,4.539288057e-09
42.4,113.048826,5859.090809,5972.139635,-395.7594497,14.83053109,1.972534502,1.416013143,0.003286777036,18.22236551,24911.904,18939.76437,4.548383004e-09
42.6,1129.588003,4664.061699,5793.649702,-1111.125717,164.9642527,7.040125163,5.595799855,0.01279083162,177.6129685,24750.1211,18956.47139,4.557477951e-09
42.8,2810.211733,2690.650175,5500.861908,-1051.466505,414.2984657,12.88498123,32.06447221,0.02417744133,459.2720966,24519.96044,19019.09853,4.582034308e-09
43,4386.42467,854.2127131,5240.637383,-241.4590314,648.5075627,16.96869007,68.85005845,0.03251089836,734.3588221,24380.37671,19139.73932,4.642060958e-09
43.2,5128.713223,16.51590269,5145.229126,946.3745474,758.7730769,17.59882101,98.90324094,0.03435326384,875.3094921,24448.98485,19303.75572,4.662979336e-09
43.4,4688.166177,582.7902906,5270.956468,1961.458527,693.0069988,14.59588001,108.1087885,0.02911109957,815.7407784,24747.2324,19476.27593,4.694811651e-09
43.6,3263.769454,2307.650892,5571.420346,2328.851933,481.0209316,9.294186809,92.0178296,0.01913030723,582.3520784,25189.69208,19618.27174,4.692992661e-09
43.8,1514.732778,4403.273141,5918.005919,1869.792731,221.4435297,3.903615048,58.07782211,0.008555042931,283.4335219,25622.77938,19704.77346,4.691173672e-09
44,256.3207411,5902.313175,6158.633916,786.5899432,36.11414337,0.5317286959,22.2420094,0.001491757296,58.88937322,25895.31662,19736.6827,4.682078725e-09
44.2,79.9569292,6107.956646,6187.913575,-428.4057311,13.104095,0.2996197524,1.506067286,0.0002920883946,14.91007413,25928.47773,19740.56415,4.700268619e-09
44.4,1075.300768,4921.019065,5996.319833,-1218.689431,165.0983146,2.926191248,5.87678135,0.004679939312,173.9059671,25752.7218,19756.40197,4.701178113e-09
44.6,2785.480282,2889.965589,5675.445871,-1220.522576,422.8655362,6.936784428,33.58202994,0.01205046436,463.3964011,25494.41708,19818.9712,4.716639523e-09
44.8,4417.964794,958.5649001,5376.529694,-432.1135214,667.1587076,10.37410905,71.82197943,0.01874669909,749.3735428,25318.05395,19941.52426,4.763933248e-09
45,5213.541619,27.52562185,5241.067241,783.6703478,784.2992392,11.67625709,102.7443041,0.02170580373,898.7415061,25350.53167,20109.46443,4.809407983e-09
45.2,4801.085258,534.308934,5335.394192,1865.079595,719.4522863,10.32940572,111.8427052,0.01973794179,841.6441352,25622.42415,20287.02996,4.862158676e-09
45.4,3371.779249,2247.739896,5619.519145,2309.815258,502.551241,7.020904661,94.81311148,0.01390127924,604.3991584,26053.43315,20433.91401,4.883986549e-09
45.6,1590.690946,4374.165986,5964.856932,1906.904323,234.5885529,3.252726968,59.6169023,0.006863813098,297.465046,26488.92364,20524.06671,4.894900485e-09
45.8,286.6663008,5926.324277,6212.990578,834.9599577,40.5811378,0.6170444163,22.7616915,0.001597452868,63.96147117,26770.86651,20557.87593,4.900357453e-09
46,65.54129994,6183.029911,6248.571211,-418.8926995,11.19098619,0.07671499491,1.546040097,2.822750903e-05,12.81376951,26810.58004,20562.00883,4.889443517e-09
46.2,1027.68088,5025.09386,6052.77474,-1282.445734,160.3433768,1.574414171,5.925667565,0.00225171864,167.8457103,26629.74811,20576.97337,4.898538464e-09
46.4,2721.898787,2990.637653,5712.53644,-1361.462135,418.7005613,4.12977429,33.83781833,0.006634197363,456.6747881,26350.75016,20638.21373,4.929461284e-09
46.6,4356.947643,1024.136559,5381.084202,-621.22276,666.0379249,6.354167349,72.18380967,0.01069977915,744.5866017,26140.66486,20759.58066,4.925823305e-09
46.8,5171.165248,36.58583205,5207.75108,597.091393,787.3432329,7.124644514,102.9960972,0.01234889648,897.4763234,26134.64924,20926.89816,4.956746125e-09
47,4787.154202,482.1390217,5269.293223,1732.787418,726.3819247,6.096589686,111.8738152,0.01082335323,844.3631529,26373.90474,21104.61152,4.974026524e-09
47.2,3385.980225,2148.378192,5534.358416,2262.8943,511.7237176,3.823020419,94.71357856,0.006979282178,610.2672959,26786.73852,21252.3801,4.980392987e-09
47.4,1620.404863,4257.16203,5877.566894,1941.975482,243.1789654,1.441478763,59.58301411,0.002773689857,304.206232,27221.41023,21343.84333,4.967660061e-09
47.6,308.9185196,5827.93434,6136.85286,914.4025284,45.12889105,0.09431139451,22.88495484,0.0002457652617,68.10840305,27515.65806,21378.8052,4.953108146e-09
47.8,54.38365587,6133.400089,6187.783745,-352.2461182,8.647286633,0.3689227015,1.646260767,0.000503943557,10.66297405,27570.97743,21383.19369,4.918547347e-09
48,965.3416886,5035.379561,6000.72125,-1281.754328,149.4126004,2.026774537,5.569312667,0.003209836674,157.0118974,27397.60093,21396.87968,4.939465725e-09
48.2,2608.960356,3045.584615,5654.544971,-1453.081455,400.8838046,4.144944202,32.56552501,0.006796295432,437.6010701,27109.63815,21455.09318,4.949470167e-09
48.4,4215.767108,1084.845981,5300.613089,-792.4200828,645.6676543,5.592882498,69.82691821,0.009294832628,721.0967499,26872.72785,21572.11476,4.974026524e-09
48.6,5039.008191,54.48811049,5093.496302,394.182394,770.2283078,5.606001415,99.88241147,0.009352275166,875.726073,26828.29425,21734.79795,4.996763892e-09
48.8,4700.447741,419.820672,5120.268413,1561.941149,717.3748833,4.173097383,108.7635755,0.0069285982,830.3184847,27029.11871,21908.8503,4.974936019e-09
49,3362.29697,1998.468783,5360.765753,2176.904773,512.2266612,2.046773144,92.45352045,0.003327845451,606.7302826,27415.6192,22054.85345,4.991306923e-09
49.2,1647.249736,4049.723872,5696.973608,1959.40857,249.8871926,0.3702456449,58.63930712,0.0005434720988,308.8972888,27843.4882,22146.51459,4.981302482e-09
49.4,346.2226826,5620.919418,5967.1421,1010.257611,50.91304312,0.1017662455,23.01265297,0.0002389111395,74.02770124,28149.82381,22182.68171,4.936737241e-09
49.6,51.32034849,5988.434903,6039.755252,-237.2830679,5.494884586,1.519050309,1.908305465,0.002869155018,8.925109516,28227.38566,22187.63041,4.961293598e-09
49.8,884.5795922,4988.885652,5873.465244,-1216.718961,132.2424407,4.051297764,4.744099395,0.007388555955,141.0452264,28073.07969,22199.61445,4.954927135e-09
50,2446.714216,3088.934321,5535.648537,-1486.953996,370.4067524,6.530838016,29.7663595,0.01171011046,406.7156601,27788.74328,22253.09474,4.951289156e-09
50.2,4006.891695,1164.383844,5171.275539,-932.0597696,608.711494,7.753247627,65.01806089,0.01371432131,681.4965168,27534.18997,22362.91443,4.988578439e-09
50.4,4843.044983,93.48749666,4936.53248,188.350986,737.0561971,7.08082711,93.99957042,0.01232752625,838.1489222,27454.21925,22517.68677,5.003130354e-09
50.6,4574.003678,353.6572159,4927.660894,1359.912209,697.017572,4.794570602,103.3327423,0.00813719992,805.1530222,27612.98481,22685.32391,5.050424079e-09
50.8,3330.664058,1806.829568,5137.493626,2049.114323,507.9724996,2.011449487,88.86226372,0.003216715391,598.8494295,27965.50139,22828.00776,5.067704478e-09
51,1689.637464,3769.695853,5459.333317,1945.639939,257.2051602,0.1872524057,57.41351787,0.0002034603966,314.806134,28378.93368,22919.60036,5.13773557e-09
51.2,403.1167986,5332.986527,5736.103326,1101.245152,59.06066389,0.4259176565,23.47775532,0.001039088593,82.96537595,28693.57418,22957.47086,5.119545676e-09
51.4,51.794798,5780.287368,5832.082166,-96.94273219,2.312193227,2.918658532,2.441182804,0.005964100032,7.677998662,28795.47744,22963.39528,5.084075383e-09
51.6,781.0660361,4913.346204,5694.41224,-1105.0205,109.9944164,6.788476989,3.5288655,0.01326668661,120.3250256,28667.68627,22973.27403,5.045876605e-09
51.8,2240.127157,3136.356365,5376.483523,-1470.279034,329.8549066,10.43539393,25.70029453,0.01995110898,366.0105462,28397.01898,23020.53545,5.032234185e-09
52,3748.84861,1264.019138,5012.867748,-1035.392308,559.2846208,12.24522316,58.31446812,0.02306258489,629.8673747,28133.77292,23120.90518,5.020410754e-09
52.2,4612.749537,144.8509408,4757.600478,-6.714498347,692.792598,11.34724888,86.16289688,0.02108176845,790.3238255,28023.07452,23265.47404,5.022229743e-09
52.4,4440.042272,274.1212616,4714.163534,1142.832252,670.0272837,8.068675224,96.48343133,0.01473853013,774.5941288,28139.26142,23425.09789,5.045876605e-09
52.6,3316.140083,1572.889434,4889.029516,1890.524411,502.4922402,3.85871495,84.71766151,0.006832101729,591.0754488,28452.97627,23563.94675,5.095898814e-09
52.8,1758.344298,3431.282917,5189.627215,1900.822346,267.1882016,0.6905692515,56.41979012,0.001084628302,324.2996456,28845.519,23655.89179,5.096808309e-09
53,474.7511033,4992.470027,5467.22113,1175.112278,70.65019243,0.190559879,24.53414666,0.0005023821141,95.37540135,29163.45598,23696.23485,5.101355782e-09
53.2,40.00818638,5544.810909,5584.819095,47.45105657,0.2124486345,2.879642039,3.379544552,0.005967693466,6.477602919,29288.34906,23703.52997,5.135916581e-09
53.4,636.4000985,4842.680113,5479.080211,-970.0186818,84.80247273,7.877516543,2.14032413,0.01571331517,94.83602672,29189.91317,23710.83296,5.12409315e-09
53.6,1976.596194,3211.647012,5188.243207,-1420.401711,282.8271767,13.22376807,20.82064974,0.02595997431,316.8975545,28938.76163,23750.51842,5.096808309e-09
53.8,3440.13891,1393.65076,4833.78967,-1107.813097,502.128916,16.69761449,50.43386884,0.03248494792,569.2928843,28673.43228,23839.64261,5.089532351e-09
54,4358.527117,206.111935,4564.639052,-182.9659005,642.4118624,16.78908377,77.2436999,0.03246176903,736.4771078,28537.09923,23972.46018,5.135007086e-09
54.2,4317.7502,171.7807603,4489.53096,928.665191,640.5912954,13.39429654,89.05166965,0.02576426144,743.0630259,28612.88493,24123.35397,5.190486263e-09
54.4,3341.523907,1286.780418,4628.304325,1721.869835,498.5837536,7.916349345,80.65312323,0.01513692261,587.1683631,28886.98567,24258.68135,5.224137567e-09
54.6,1874.600343,3029.288275,4903.888618,1840.523512,281.3595155,2.707477168,56.02879232,0.00511554397,340.1009006,29255.93802,24352.0494,5.219590093e-09
54.8,576.8882471,4601.283101,5178.171349,1236.633919,86.68586149,0.0779471053,26.36461673,0.0001298450066,113.1285552,29574.25805,24396.0867,5.220499588e-09
55,23.95921555,5291.088015,5315.04723,188.7128729,0.6737379402,1.294340339,4.885360414,0.002592190071,6.856030884,29720.52569,24405.47846,5.200490705e-09
55.2,449.8770123,4791.995513,5241.872525,-827.2175667,59.33257447,6.004917428,0.8898195379,0.01180404394,66.23911548,29651.9215,24410.04897,5.202309694e-09
55.4,1646.959395,3334.641481,4981.600877,-1354.233768,233.2521609,12.35225423,15.67355789,0.0241748228,261.3021478,29422.76199,24441.16111,5.165929906e-09
55.6,3064.835421,1576.590946,4641.426367,-1160.22893,441.8464216,17.73808192,42.11627851,0.03468715415,501.7354692,29159.06527,24517.63891,5.210495146e-09
55.8,4061.304938,302.2349891,4363.539928,-340.2538532,590.2507753,19.9203426,68.03327556,0.03900032657,678.2433938,29001.06242,24637.52249,5.226866051e-09
56,4190.513677,70.1097382,4260.623415,729.4735586,611.9765284,17.97323055,81.71159156,0.03529762056,711.6966481,29039.86974,24779.24632,5.250512913e-09
56.2,3399.259646,966.0688066,4365.328452,1563.653574,498.1754477,12.6945862,77.1177564,0.02508178147,588.0128721,29276.88854,24911.56009,5.291440175e-09
56.4,2045.376652,2570.982348,4616.359001,1787.409535,300.6950633,6.280147048,56.46975505,0.01256759148,363.4575329,29623.98198,25007.62298,5.313268048e-09
56.6,732.7949484,4154.246403,4887.041352,1304.057064,108.0165203,1.399675942,29.08969636,0.002921030459,138.5088137,29943.96126,25056.91991,5.330548447e-09
56.8,39.49654661,5003.575957,5043.072504,336.2358496,5.252546109,0.06878204628,7.12714189,9.109213165e-05,12.44856114,30112.79833,25069.72582,5.368747225e-09
57,260.9121238,4742.2354,5003.147524,-676.8901773,36.27260915,2.799333638,0.1148641326,0.005157019554,39.19196394,30075.39519,25072.24767,5.350557331e-09
57.2,1282.458621,3492.686975,4775.145597,-1278.886754,184.7619698,8.39154644,10.79107285,0.01589313205,203.9604822,29869.89346,25094.74786,5.361471267e-09
57.4,2635.823564,1816.002071,4451.825635,-1201.443753,382.3280624,14.45408744,34.00920296,0.02773081771,430.8190836,29609.85911,25158.03347,5.347828846e-09
57.6,3711.324606,457.022336,4168.346942,-483.6562655,539.6327286,18.42528667,59.15475401,0.0356991527,617.2484684,29432.68168,25264.33474,5.305082595e-09
57.8,4030.003979,11.06313635,4041.067115,547.647036,586.3856894,18.65488466,74.9338121,0.03651072847,680.0108969,29437.62397,25396.55686,5.334641173e-09
58,3454.159636,661.1415687,4115.301204,1426.63796,502.3320015,15.08381982,74.37646783,0.02990571334,591.8221949,29641.41876,25526.11755,5.394213076e-09
58.2,2244.043517,2101.408291,4345.451808,1758.632745,325.6269458,9.237479461,57.84648079,0.01869514342,392.7296012,29971.22959,25625.77778,5.39694156e-09
58.4,937.7722921,3678.407913,4616.180205,1396.989166,135.1994167,3.546588724,32.76752535,0.007508443154,171.5210392,30297.89466,25681.71445,5.406036507e-09
58.6,109.8907954,4684.900227,4794.791023,507.6669747,15.25803866,0.2985597243,10.24286636,0.0008037804028,25.80026853,30494.29092,25699.4999,5.406036507e-09
58.8,116.8225565,4674.248202,4791.070759,-506.8016903,17.87726751,0.6755402423,0.1062256905,0.00100404999,18.6600375,30492.4898,25701.41904,5.390575097e-09
59,941.7765873,3655.877779,4597.654367,-1189.065489,140.2406869,4.288948028,6.603854301,0.007548566457,151.1410378,30314.07154,25716.41717,5.405127013e-09
59.2,2206.356311,2086.564797,4292.921109,-1232.447584,326.4372785,9.397386299,26.59526257,0.01723912309,362.4471665,30060.13198,25767.21087,5.411493476e-09
59.4,3341.774284,663.5731845,4005.347469,-618.0194873,492.7467289,13.69559795,51.02682207,0.02569375447,557.4948427,29865.6404,25860.29293,5.426954885e-09
59.6,3842.302654,13.23176099,3855.534415,377.8309025,564.9919469,15.31830194,68.98727728,0.02925070605,649.3267768,29838.75284,25983.21843,5.400124792e-09
59.8,3488.229891,413.8099302,3902.039821,1308.210155,511.3312588,13.61951085,72.53267605,0.0264910244,597.5099367,30012.33658,26110.29676,5.424681149e-09
60,2440.264941,1675.034158,4115.299099,1756.560793,356.0394992,9.398039138,60.15455366,0.01873928575,425.6108313,30329.39153,26214.09243,5.407855497e-09
60.2,1165.001128,3226.207107,4391.208235,1523.391773,168.3489167,4.490677917,37.38467513,0.009365563704,210.2336353,30668.8069,26277.59867,5.413312465e-09
60.4,225.9056023,4372.21414,4598.119743,715.3600824,31.47575216,0.9325730302,14.29992662,0.002237988279,46.7104898,30899.81805,26301.6983,5.371475709e-09
60.6,33.2592141,4602.800599,4636.059813,-302.9380292,5.661312663,0.06688344221,1.050486024,3.210165334e-05,6.77871423,30940.71173,26304.65192,5.433321348e-09
60.8,663.7713058,3817.808483,4481.579788,-1072.632686,101.5997578,1.995004694,3.389628699,0.00313910777,106.9875303,30795.47828,26313.89849,5.420588423e-09
61,1828.995164,2369.181034,4198.176199,-1246.296581,275.9370405,5.595201985,20.16664888,0.009623998489,301.7085154,30552.02165,26353.84545,5.446963769e-09
61.2,3005.462183,902.2270677,3907.68925,-743.620736,450.717837,9.078560826,43.87044827,0.01620502243,503.6830512,30342.76117,26435.07192,5.493802746e-09
61.4,3668.01118,67.56143617,3735.572616,212.566553,548.0756017,10.81434051,63.96806743,0.01977621599,622.8777858,30285.2854,26549.71279,5.540641723e-09
61.6,3522.583267,232.0156987,3754.598966,1196.011365,524.7659894,10.04685192,71.55888317,0.01877344944,606.390498,30429.63459,26675.03563,5.578385753e-09
61.8,2635.529994,1316.695652,3952.225646,1767.865716,391.2662919,7.188270975,63.29469359,0.01378281117,461.7630393,30735.81832,26783.59268,5.578840501e-09
62,1402.67124,2833.550763,4236.222003,1673.288665,207.0254661,3.573434179,42.8447322,0.007153782811,253.4507863,31091.65105,26855.42904,5.618858268e-09
62.2,372.3962559,4103.623837,4476.020093,955.8517504,54.00944856,0.8090096748,19.26622715,0.001836771519,74.08652215,31362.95347,26886.93338,5.608853826e-09
62.4,1.614015863,4559.647284,4561.2613,-61.52998928,0.2828855123,0.02814480435,3.000995404,6.239206612e-06,3.31203196,31453.6778,26892.4165,5.56519808e-09
62.6,452.8854861,3998.431331,4451.316817,-920.7863538,69.76979438,1.393795641,1.261478588,0.002106009159,72.42717462,31349.04709,26897.73027,5.537003744e-09
62.8,1522.642323,2670.952761,4193.595084,-1233.670031,231.601085,4.068868711,14.8389151,0.006736309899,250.5156051,31122.36116,26928.76607,5.541551218e-09
63,2732.207738,1170.202025,3902.409762,-855.8872541,413.7902676,6.65019447,37.74314751,0.01140037555,458.1950099,30902.34997,26999.94021,5.5874807e-09
63.2,3541.123893,166.7066879,3707.830581,47.643414,535.2021089,7.849760438,59.83937817,0.01373114844,602.9049787,30815.61094,27107.78036,5.616129783e-09
63.4,3587.998794,109.3898694,3697.388664,1075.890048,541.6535325,7.098424863,71.32640257,0.01260832653,620.0909683,30929.85588,27232.46721,5.651145329e-09
63.6,2851.77412,1024.965841,3876.739961,1770.795976,430.1146146,4.792002657,67.08372392,0.008644999161,501.9989862,31223.39637,27346.65641,5.643414625e-09
63.8,1661.51777,2505.427747,4166.945517,1822.442548,250.2103778,2.073367687,48.96358459,0.003832919732,301.251163,31594.61484,27427.66933,5.651600077e-09
64,550.0690099,3889.594304,4439.663314,1208.444543,82.27106191,0.2640572608,25.00205087,0.0005368649923,107.5377069,31907.29577,27467.63246,5.690708349e-09
64.2,16.36992669,4558.198546,4574.568473,204.8919147,1.605738807,0.2217538266,5.880520369,0.0003324223366,7.708345425,32051.60957,27477.0411,5.713445717e-09
64.4,302.2279976,4211.095105,4513.323103,-736.510545,44.85403794,1.930769015,0.1895494425,0.003247182711,46.97760358,31993.45779,27480.13468,5.756191968e-09
64.6,1283.243947,3002.651976,4285.895923,-1190.498757,193.4316495,4.518466585,10.58993071,0.007765115714,208.5478119,31790.01018,27504.11425,5.768015399e-09
64.8,2523.138636,1474.21661,3997.355246,-949.170152,381.5542251,6.686376556,32.58486541,0.0115850894,420.8370522,31564.34448,27566.98923,5.76437742e-09
65,3467.968803,312.9721245,3780.940928,-116.0672612,525.4064007,7.347183415,56.47163654,0.01276263879,589.2379833,31450.41904,27669.47812,5.794845492e-09
65.2,3694.040346,44.31727672,3738.357622,939.1879372,560.5571462,6.160835657,71.63168227,0.0106804672,638.3603446,31532.96541,27794.60779,5.835772754e-09
65.4,3098.766422,795.264559,3894.030981,1745.911907,470.9432242,3.710746154,71.26781508,0.006374534369,545.9281599,31809.26724,27915.23626,5.867605068e-09
65.6,1948.538118,2235.358196,4183.896314,1943.416913,296.3854419,1.232030532,55.47805997,0.00205060491,353.097583,32190.07548,28006.17917,5.902620615e-09
65.8,761.1673794,3722.700016,4483.867396,1443.479671,115.1067101,0.0175841865,31.27514661,1.530894808e-05,146.3994562,32539.40207,28055.53467,5.907168088e-09
66,74.51957827,4590.823034,4665.342612,470.9909785,8.890634466,0.7836545398,9.510130168,0.001531559407,19.18595073,32735.46289,28070.12028,5.931724445e-09
66.2,204.4739687,4448.446204,4652.920173,-536.0209103,26.36978754,3.300204029,0.04351707465,0.006153579703,29.71966223,32725.45698,28072.53681,5.898073141e-09
66.4,1101.007545,3357.400331,4458.407876,-1122.641328,160.9120459,6.470144543,7.308697364,0.01187716728,174.702765,32549.52164,28091.11376,5.923538993e-09
66.6,2368.004744,1807.75764,4175.762383,-1021.710972,353.1702956,8.830821295,28.26330045,0.01605648564,390.2804738,32322.96256,28147.20017,5.928086466e-09
66.8,3439.275896,499.8149586,3939.090854,-274.773167,517.3710454,9.249054064,53.67746973,0.01666920499,580.3142384,32184.58866,28245.4978,5.95309757e-09
67,3832.809767,29.6516349,3862.461401,785.5140267,579.7295079,7.483066589,72.22064821,0.01333267219,659.4465554,32234.2779,28371.8165,5.992205843e-09
67.2,3369.250329,619.2739958,3988.524325,1684.191824,511.8035567,4.338888785,75.54224155,0.007573942445,591.692261,32487.85311,28499.32879,5.992205843e-09
67.4,2255.598799,2013.491824,4269.090623,2017.546158,343.7051093,1.332951036,62.0696589,0.00219525506,407.1099145,32869.67073,28600.58011,6.004484021e-09
67.6,995.003255,3591.522095,4586.52535,1635.375407,151.0148782,0.003080014556,37.79453494,2.665251923e-07,188.8124934,33246.41278,28659.88743,6.036316336e-09
67.8,161.6969526,4644.776772,4806.473725,709.6160939,21.04877278,1.18011807,13.65337395,0.002458145957,35.88472294,33487.00412,28680.5304,6.02176442e-09
68,141.5580724,4696.729653,4838.287725,-342.142657,13.50810993,4.561041171,0.6417480544,0.008933243554,18.7198324,33521.72277,28683.43505,6.003574526e-09
68.2,955.412577,3720.543606,4675.956183,-1044.34939,133.2429887,8.79484132,4.841730221,0.01686637842,146.8964266,33373.81847,28697.86228,5.969923222e-09
68.4,2246.01148,2155.008769,4401.020248,-1078.077799,327.5689367,12.06071912,24.61185755,0.02286396753,364.2643773,33149.25625,28748.236,5.94809535e-09
68.6,3436.33269,709.6913409,4146.024031,-425.6471158,509.59831,12.88900316,51.24076663,0.02422733745,573.7523071,32989.06056,28843.03653,5.935362424e-09
68.8,3989.247431,45.6002002,4034.847631,620.4070926,597.2827426,10.8546121,72.81357652,0.02023305197,680.9711642,33005.65974,28970.81211,5.951733328e-09
69,3651.803224,474.9640317,4126.767256,1588.635447,550.6333183,6.819231226,79.57897915,0.01256417187,637.0440929,33231.95573,29105.18847,5.918991519e-09
69.2,2573.030349,1816.479191,4389.509541,2041.411372,390.22427,2.594784226,68.39991695,0.004660215937,461.2236314,33606.20516,29216.69562,5.96355676e-09
69.4,1240.361552,3473.207843,4713.569395,1773.123149,188.3982369,0.161192759,44.25395545,0.0002396974211,232.8136248,33999.68335,29286.11395,6.008122e-09
69.6,261.5622882,4699.900203,4961.462492,903.9984469,36.89327564,0.7785535954,18.06338081,0.001634747468,55.7368448,34274.75821,29313.29571,6.015397958e-09
69.8,89.6203224,4940.146883,5029.767205,-173.3665546,5.361010876,4.392081882,1.795556403,0.008684086524,11.55733325,34347.17587,29317.40866,5.969013728e-09
70,815.1013862,4080.841949,4895.943335,-971.1144657,109.5357959,9.607418344,3.029688684,0.01870246972,122.1916054,34224.34793,29328.40459,5.986294127e-09
70.2,2121.189548,2507.50808,4628.697628,-1127.036275,303.6194966,14.26463844,21.45825198,0.02757621279,339.3699632,34002.20094,29373.50331,6.000846042e-09
70.4,3423.645564,933.4410406,4357.086604,-569.2341158,500.5778277,16.3711635,48.94130517,0.03153085348,565.9218273,33821.87633,29464.78972,5.981746654e-09
70.6,4133.9566,78.2563619,4212.212962,450.4047846,611.376719,14.98707967,73.13175774,0.02880407877,699.5243605,33805.79123,29593.57827,5.975380191e-09
70.8,3927.152582,340.6837408,4267.836323,1469.610652,585.4734194,10.66804998,83.05983628,0.02047940104,679.2217851,34002.01209,29734.17577,5.979927664e-09
71,2892.346417,1614.458884,4506.8053,2025.049038,434.1331656,5.259253759,74.15030492,0.01009080563,513.5528151,34362.22541,29855.42011,6.022673915e-09
71.2,1496.197776,3332.410003,4828.607779,1862.805731,225.7935095,1.11764805,50.37459868,0.002144037264,277.2879003,34763.42113,29934.81335,6.095433491e-09
71.4,374.0476655,4720.695258,5094.742924,1054.382387,55.34208157,0.09433895915,22.52257404,0.0001813733372,77.95917594,35063.57797,29968.83504,6.156369636e-09
71.6,42.20000994,5149.248506,5191.448516,-34.8679722,1.089226684,2.720303039,3.34151774,0.00522911786,7.156276581,35166.14978,29974.70127,6.155460142e-09
71.8,661.7316938,4419.6387,5081.370394,-911.0307685,88.95529693,7.955652143,1.731848711,0.01531249844,98.65811029,35064.06153,29982.69113,6.179107004e-09
72,1961.99337,2858.690699,4820.684069,-1175.921121,280.2706644,13.61950196,18.64481071,0.02626453361,312.5612416,34843.14063,30022.45656,6.230948202e-09
72.2,3360.15001,1173.638918,4533.788928,-708.5230661,488.9460305,17.32011822,46.57648062,0.03349230333,552.8761216,34643.29547,30109.50654,6.280060916e-09
72.4,4224.004504,132.9390873,4356.943591,279.1480667,620.4053447,17.4842222,72.92492169,0.03394286353,710.8484314,34594.97484,30238.03125,6.289155863e-09
72.6,4159.491694,216.871424,4376.363118,1337.613134,614.6707658,14.03810127,85.71006761,0.02741819486,714.4463529,34759.75322,30383.39011,6.312802725e-09
72.8,3191.940697,1396.959762,4588.900459,1983.913739,473.9539148,8.442922015,79.05848689,0.01666701769,561.4719907,35102.10433,30513.20387,6.347363524e-09
73,1757.590734,3145.666694,4903.257428,1921.468542,262.0395556,3.067390649,55.93847438,0.006210756251,321.0516314,35505.3118,30602.05437,6.340997061e-09
73.2,507.7793299,4673.515364,5181.294694,1175.704855,75.54864852,0.1696574174,26.86878463,0.000410270062,102.5875008,35824.4049,30643.11021,6.335540093e-09
73.4,13.74627077,5287.019667,5300.765938,83.40348604,0.02490791087,0.9303457081,5.159593229,0.001608821362,6.116455669,35952.11759,30651.35165,6.2827894e-09
73.6,506.0079933,4704.984179,5210.992172,-859.8505963,70.81677472,4.955247649,0.8395083464,0.009151384643,76.6206821,35867.85913,30656.86696,6.330992619e-09
73.8,1767.409342,3188.7055,4956.114842,-1225.036211,256.6641181,10.46014405,16.04253771,0.01969701564,283.1864969,35647.3319,30691.21706,6.319169188e-09
74,3229.589748,1425.656201,4655.245949,-845.3938231,473.6262795,15.05231414,43.98044135,0.02867833712,532.6877133,35428.29709,30773.05115,6.353729987e-09
74.2,4230.045662,218.3806354,4448.426297,106.8338358,623.1546494,16.76458133,71.99638817,0.03226692949,711.9478858,35347.96172,30899.53542,6.366462912e-09
74.4,4313.401236,119.5009952,4432.902231,1197.952122,637.0321997,14.89130854,87.32649866,0.02899131068,739.2789982,35480.4419,31047.53967,6.401023711e-09
74.6,3439.678641,1179.038142,4618.716783,1929.756213,508.6670707,10.26706346,82.94412629,0.02031543257,601.8985759,35802.80654,31184.08976,6.397385732e-09
74.8,2004.120878,2919.78066,4923.901538,1966.430862,296.3652321,4.875888055,60.8073447,0.0099459972,362.0584109,36205.25957,31281.35803,6.395566743e-09
75,658.7095105,4552.865857,5211.575368,1288.060275,96.95807713,0.9721925624,31.00604704,0.002191768197,128.9385085,36540.94285,31329.36748,6.397385732e-09
75.2,16.01868554,5336.150267,5352.168953,200.5708139,1.71730753,0.1041386017,7.178498012,0.000103605049,9.000047749,36692.76845,31340.5995,6.40466169e-09
75.4,370.0901643,4912.405012,5282.495176,-802.8094066,54.64488801,2.46595233,0.28106496,0.004204912482,57.39611022,36626.86521,31344.37004,6.348273018e-09
75.6,1561.727491,3473.012299,5034.73979,-1265.813556,232.2194369,6.853780397,13.56056715,0.01234825392,252.6461327,36408.24571,31373.50592,6.32735464e-09
75.8,3050.079865,1671.996416,4722.076281,-977.1263595,453.9344709,11.23013438,41.03950742,0.02073117531,506.2248438,36171.45646,31449.38017,6.388290785e-09
76,4158.37506,328.962671,4487.337731,-67.27517891,618.9087062,13.63529552,70.2220948,0.02559764908,702.7916941,36059.47224,31572.13451,6.370100891e-09
76.2,4382.065354,55.96620767,4438.031562,1049.990841,651.9066707,13.0377904,87.79520348,0.02486374891,752.7645284,36158.59864,31720.56708,6.381924322e-09
76.4,3618.909498,978.3608341,4597.270332,1865.476206,537.7557156,9.752566934,85.72043429,0.01895946114,633.2476763,36459.02965,31861.75932,6.381924322e-09
76.6,2215.896058,2677.122433,4893.018491,2006.205168,328.3987886,5.25515068,64.9262065,0.01054218416,398.590688,36859.085,31966.06651,6.363734428e-09
76.8,811.3780869,4379.277005,5190.655092,1405.546337,119.3009906,1.491165042,34.9019809,0.003243951641,155.6973805,37211.29256,32020.63747,6.391019269e-09
77,44.26129749,5309.868755,5354.130052,334.1974132,5.935462787,0.001376374857,9.371735284,3.624273513e-05,15.30861069,37389.41895,32035.2889,6.352820492e-09
77.2,262.8488182,5045.080236,5307.929055,-722.3345231,40.20113304,1.255750697,0.02158964178,0.001948204904,41.48042158,37345.97262,32038.04356,6.4028427e-09
77.4,1366.181969,3705.445784,5071.627753,-1284.243422,206.685187,4.486345864,11.1515978,0.007695019618,222.3308257,37133.98667,32062.35891,6.364643923e-09
77.6,2850.271729,1900.963969,4751.235699,-1095.712784,429.6361922,8.078322217,37.70195916,0.01435078835,475.4308243,36883.10575,32131.87005,6.359186955e-09
77.8,4038.087265,453.0861439,4491.173409,-241.6416998,607.4887181,10.32688778,67.56027906,0.0187293783,685.3946143,36740.78262,32249.60921,6.374648365e-09
78,4388.294124,20.36450669,4408.65863,890.4346985,659.1889362,10.20889491,87.09616117,0.0188293922,756.5128216,36805.28121,32396.62258,6.393747753e-09
78.2,3741.842201,798.4869249,4540.329126,1786.09415,561.1728626,7.820654981,87.39115146,0.01468997195,656.3993591,37080.94441,32540.61528,6.486516213e-09
78.4,2393.973317,2431.441992,4825.415309,2037.664977,358.1149589,4.293607768,68.31367026,0.008289681672,430.7305266,37476.09278,32650.67747,6.459231372e-09
78.6,959.0004546,4174.184878,5133.185332,1529.578057,142.5443836,1.241120876,38.57574999,0.002565280599,182.3638198,37844.55558,32711.37024,6.417394616e-09
78.8,89.81319795,5232.440996,5322.254194,491.1432982,12.64173346,0.00170282501,11.74811154,2.562782701e-05,24.39157345,38052.00073,32729.74653,6.408299669e-09
79,180.2611246,5124.57404,5304.835165,-607.3135645,27.48354758,1.030511297,0.05893860898,0.001608118682,28.5746056,38036.94643,32732.11126,6.378286344e-09
79.2,1186.169871,3900.557973,5086.727844,-1267.83493,180.1510463,3.715115584,8.813064385,0.006297210158,192.6855235,37838.73746,32752.00961,6.405571185e-09
79.4,2646.379903,2118.454672,4764.834575,-1190.842958,400.9479991,6.690611927,33.9804957,0.01166123976,441.630768,37579.76627,32814.93169,6.46650733e-09
79.6,3893.801157,589.4841074,4483.285264,-411.1452744,589.2235357,8.497483771,64.05032562,0.01503597631,661.786381,37409.99655,32926.71129,6.629306881e-09
79.8,4359.841819,8.222083251,4368.063903,717.8090301,659.253731,8.26991958,85.29517425,0.01478904428,752.8336139,37438.96419,33070.90028,6.705704436e-09
80,3833.220454,636.5930919,4469.813546,1684.246594,579.2510861,6.133230228,88.03561412,0.01107213582,673.4310026,37686.11224,33216.29869,6.744812708e-09
80.2,2555.317575,2185.481101,4740.798676,2050.158293,385.7427958,3.12887225,71.04358613,0.005716530314,459.9209707,38071.9875,33331.18883,6.797563401e-09
80.4,1109.047835,3947.453683,5056.501518,1649.828654,166.8189587,0.7080658097,42.08111494,0.001333175655,209.6094726,38454.27635,33397.77483,6.753907655e-09
80.6,152.4583009,5119.606468,5272.064769,664.7833885,21.94697459,0.03625377416,14.3398859,5.126929385e-05,36.32316554,38692.31553,33420.25076,6.766640581e-09
80.8,118.8611373,5169.112186,5287.973323,-458.7243349,16.70071793,1.437447204,0.4175016374,0.002495697327,18.55816247,38710.81242,33422.8391,6.784830475e-09
81,1020.18238,4074.993868,5095.176248,-1212.119465,153.0193946,4.240179262,6.583596152,0.00748761492,163.8506577,38533.89526,33438.71901,6.825757737e-09
81.2,2442.761043,2336.425343,4779.186386,-1254.918718,368.4848038,7.097321399,29.94674575,0.0126094238,405.5414803,38274.09495,33494.90857,6.80120138e-09
81.4,3736.900327,744.412645,4481.312972,-568.700641,564.8624429,8.628985496,59.80146668,0.01536647522,633.3082615,38081.30465,33599.99168,6.808477337e-09
81.6,4313.255135,21.37058683,4334.625722,535.0115423,652.8406031,8.08520522,82.52579336,0.01439454613,743.4659962,38074.89052,33740.2648,6.839400157e-09
81.8,3910.810905,492.8827113,4403.693616,1556.28356,592.5794928,5.71437104,87.78634211,0.0101374985,686.0903435,38289.72338,33886.02976,6.884874892e-09
82,2714.61602,1940.787829,4655.403849,2033.352633,411.6574553,2.65995476,73.22279552,0.004666069349,487.5448717,38660.54283,34005.13898,6.850314094e-09
82.2,1270.227407,3703.822634,4974.05004,1751.496954,192.338831,0.4288380409,45.48847213,0.0007123633552,238.2568535,39051.66142,34077.61138,6.812115316e-09
82.4,234.4892529,4979.312361,5213.801613,839.670021,34.05480424,0.1769673338,17.19064005,0.0003671923062,51.42277882,39318.47453,34104.67292,6.778464012e-09
82.6,76.54194395,5188.197811,5264.739755,-288.5916049,8.222821051,2.147384304,1.14008472,0.004053875499,11.51434395,39372.87285,34108.1331,6.806658348e-09
82.8,865.1541581,4237.382854,5102.537012,-1122.877937,125.9406888,5.529082685,4.534772234,0.01027208597,136.0148158,39222.95191,34120.4149,6.852133083e-09
83,2238.718816,2560.597435,4799.316251,-1286.976192,333.1646713,8.811905897,25.71870791,0.0162512686,367.7115364,38969.11562,34169.79937,6.866684998e-09
83.2,3570.887317,919.9574932,4490.84481,-708.6459416,535.4500204,10.48129136,54.97393777,0.01922732412,600.9244769,38758.44615,34267.60134,6.820300769e-09
83.4,4255.900885,59.09711614,4314.998001,348.5377295,640.9146526,9.734326248,78.96547847,0.01775651905,729.6322139,38718.0878,34403.0898,6.873051461e-09
83.6,3983.618563,365.7810934,4349.399657,1405.290384,601.872819,6.881872804,86.80403263,0.01244901259,695.5711734,38897.82858,34548.42892,6.920345186e-09
83.8,2879.425494,1697.03133,4576.456824,1983.914775,436.2748397,3.240573456,74.96925351,0.005760629811,514.4904273,39247.81718,34671.36036,6.965819921e-09
84,1446.013152,3445.52868,4891.541831,1824.23362,219.3246117,0.5515286626,48.86858486,0.000911948585,268.7456372,39641.38777,34749.84593,6.974914868e-09
84.2,334.1569595,4816.355828,5150.512788,1000.524203,49.20044992,0.1831591425,20.34400529,0.0004121065991,69.72802646,39932.53727,34782.02448,7.047674444e-09
84.4,47.06828886,5187.908164,5234.976453,-113.1059536,2.514993935,2.481987916,2.27832289,0.004861362246,7.280166104,40021.96447,34786.98802,7.067683327e-09
84.6,712.6092831,4393.120845,5105.730129,-1012.766879,99.723013,6.575650707,2.759036037,0.01259597766,109.0702957,39901.791,34796.06088,7.082235243e-09
84.8,2026.381295,2793.867611,4820.248906,-1292.947889,296.0888679,10.73154584,21.44336221,0.02036575269,328.2841417,39658.81791,34838.56901,7.12043402e-09
85,3390.87885,1115.536428,4506.415277,-829.466687,502.1865844,13.12171732,49.7563386,0.02476453388,565.0894048,39434.98047,34928.56519,7.130438462e-09
85.2,4186.996882,117.5023597,4304.499242,165.3390566,624.5274738,12.65471422,74.81054994,0.02378087177,712.0165188,39363.01563,35058.51639,7.206836017e-09
85.4,4054.491098,249.2258993,4303.716998,1239.698625,607.8525457,9.496347709,85.25418746,0.01776393374,702.6208448,39506.50047,35202.78347,7.176822692e-09
85.6,3054.402394,1447.663529,4502.065923,1907.385616,459.9618664,5.034090228,76.39349418,0.009347743053,541.3987986,39831.34749,35329.28156,7.195012586e-09
85.8,1640.339299,3167.180282,4807.519582,1867.586065,247.9366718,1.287076618,52.27949091,0.002338567108,301.5055779,40221.53479,35414.01521,7.216840459e-09
86,452.242283,4627.668205,5079.910488,1140.24148,67.58928119,0.01504076994,23.83381215,4.033840285e-05,91.43817444,40531.81523,35451.90474,7.231392374e-09
86.2,26.47403913,5167.96315,5194.43719,55.98226902,0.06141191144,1.92113388,3.882301741,0.003758371533,5.868605903,40653.46053,35459.02334,7.297785487e-09
86.4,553.563445,4544.455676,5098.019121,-894.3204992,75.23039539,6.309429723,1.355478883,0.01215832448,82.90746232,40563.28487,35465.26574,7.276867109e-09
86.6,1792.928014,3040.121551,4833.049565,-1281.938741,258.4173233,11.36050741,17.27750278,0.02178781956,287.0771213,40333.84599,35500.79643,7.21138349e-09
86.8,3182.603251,1335.313183,4517.916435,-933.8788572,466.2961728,14.9141773,44.34313703,0.02855338732,525.5820406,40100.33779,35582.42136,7.274138625e-09
87,4093.816032,199.4199198,4293.235952,-10.28766866,604.6973189,15.41940779,70.25381238,0.02951430941,690.4000534,39999.27373,35706.03778,7.279595593e-09
87.2,4115.027735,143.1846957,4258.212431,1068.946752,611.1529415,12.63127696,83.28829307,0.02420214729,707.0967137,40106.76136,35848.54893,7.265953172e-09
87.4,3237.168453,1188.752993,4425.921446,1814.772946,482.9692519,7.741245972,77.58501086,0.01487271809,568.3103815,40404.26742,35978.34597,7.256858225e-09
87.6,1856.792118,2860.87687,4717.668988,1890.263908,278.2226271,2.874889432,55.75714225,0.00556233138,336.8602211,40787.26668,36069.59769,7.25958671e-09
87.8,596.2751486,4402.579585,4998.854733,1262.526082,89.34066623,0.1713148453,27.67604071,0.000348169228,117.18837,41112.74324,36113.88851,7.285962056e-09
88,22.66950556,5117.332174,5140.001679,216.7739754,1.290561479,0.8462784037,5.990464009,0.0015694119,8.128873304,41263.9668,36123.96512,7.195012586e-09
88.2,392.2326944,4683.057068,5075.289762,-773.4203789,53.2855661,4.652009377,0.4157025866,0.00879084768,58.36206891,41203.21846,36127.92869,7.198650565e-09
88.4,1535.677882,3296.463451,4832.141333,-1260.696879,221.2577097,9.97471318,13.36990802,0.01897025122,244.6213011,40988.66362,36156.52229,7.132257451e-09
88.6,2935.430911,1583.1356,4518.566511,-1026.120014,428.9186798,14.53083126,38.91559536,0.02776427611,482.3928707,40747.83187,36229.26536,7.134076441e-09
88.8,3959.548908,314.5560002,4274.104908,-177.681302,582.3201528,16.35898662,65.46745275,0.03140683309,664.177999,40619.79191,36345.687,7.185008144e-09
89,4146.529357,60.10832648,4206.637683,899.1914402,612.2580049,14.6732815,81.03099591,0.028340464,707.9906228,40692.22945,36485.59176,7.215021469e-09
89.2,3412.655358,931.0162285,4343.671586,1716.439999,505.3892023,10.2037658,78.60396018,0.01988784871,594.2168162,40961.88212,36618.21053,7.160451787e-09
89.4,2088.773935,2531.30961,4620.083545,1904.250888,310.0816086,4.875186639,59.30979227,0.009670924873,374.2762584,41336.1722,36716.08865,7.194103091e-09
89.6,770.4304918,4137.351409,4907.781901,1378.097802,114.4431786,0.9660262617,31.86298469,0.002033936692,147.2742235,41675.22531,36767.44341,7.222297427e-09
89.8,49.29705141,5024.485337,5073.782388,376.5556393,6.512283001,0.1177233809,8.621119176,0.000162019629,15.25128758,41855.2138,36781.43141,7.219568943e-09
90,247.0299235,4793.353512,5040.383435,-646.9973238,34.59065122,2.628284482,0.0119442728,0.00471710566,37.23559708,41824.35781,36783.97438,7.18227966e-09
90.2,1271.254451,3548.976269,4820.23072,-1229.636874,185.5811854,7.337316215,9.847352291,0.01358168831,202.7794356,41626.27882,36806.0481,7.139533409e-09
90.4,2658.119872,1852.343209,4510.463081,-1108.227045,391.035506,12.14781596,33.62820699,0.02281185681,436.8343408,41380.18868,36869.7256,7.138623914e-09
90.6,3781.800166,466.8547212,4248.654887,-338.230078,558.1159255,14.95013205,60.59235987,0.02837094988,633.6867883,41226.91661,36978.26172,7.12043402e-09
90.8,4136.309577,14.22305219,4150.53263,731.6015013,611.469753,14.53910162,78.57344219,0.02787796779,704.6101748,41265.20397,37114.67134,7.200469554e-09
91,3562.739403,694.9109739,4257.650377,1617.083844,527.1375342,11.12274956,79.47783038,0.02160748755,617.7597216,41507.07083,37249.42045,7.28869054e-09
91.2,2319.884589,2198.783472,4518.668061,1917.578692,343.2470082,6.205277613,62.91591797,0.01231588955,412.3805197,41872.41617,37353.74811,7.256858225e-09
91.4,966.886903,3845.772338,4812.659241,1497.104404,142.7265811,1.90519682,36.36009092,0.003989599399,180.9958584,42225.27113,37412.61189,7.248672773e-09
91.6,111.1039461,4892.766002,5003.869949,545.7681809,15.87500384,0.01733077133,11.76679394,8.278738235e-05,27.65921134,42435.30264,37431.43269,7.248672773e-09
91.8,134.8754323,4868.271065,5003.146497,-506.1903438,19.67466561,1.235637323,0.1891164388,0.002026819747,21.1014462,42436.76291,37433.61641,7.2268449e-09
92,1024.087364,3784.170297,4808.257661,-1182.869403,152.1711922,4.876101164,6.805917271,0.008660198118,163.8618708,42258.24345,37449.98579,7.263224688e-09
92.2,2375.400436,2129.494696,4504.895132,-1177.81387,353.4309456,9.212196043,28.60138748,0.01680984274,391.2613389,42009.78817,37504.89304,7.315975381e-09
92.4,3578.519682,649.3974103,4227.917092,-492.5819754,532.6084901,12.26231271,55.73374303,0.02274180256,600.6272876,41833.18569,37605.2686,7.312337402e-09
92.6,4091.183797,9.182131115,4100.365928,563.8338087,608.9046517,12.67116463,75.97207341,0.02382079253,697.5717105,41837.89579,37737.52986,7.290509529e-09
92.8,3683.014035,494.814275,4177.82831,1514.495479,547.9580963,10.2922662,80.20232411,0.01963940927,638.4723261,42051.55736,37873.72905,7.378730515e-09
93,2538.589126,1884.696304,4423.285429,1929.947958,377.2884307,6.219225537,66.52538963,0.01212934198,450.0451752,42407.44554,37984.16011,7.401467883e-09
93.2,1173.61508,3550.206398,4723.821478,1622.307941,173.854117,2.264289265,41.10584344,0.004630589746,217.2288803,42774.56254,38050.74107,7.349626685e-09
93.4,202.2095493,4739.436321,4941.64587,730.3379584,29.34772146,0.1294873426,15.39224375,0.0003598549137,44.86981241,43016.79226,38075.14639,7.416019798e-09
93.6,60.25049182,4916.13042,4976.380912,-342.9785087,8.870937977,0.6483350688,0.9615578908,0.0009778293388,10.48180877,43054.41422,38078.03331,7.486960385e-09
93.8,809.3696844,4001.102772,4810.472457,-1112.259977,121.6052298,3.436709807,4.307897868,0.005894885528,129.3557324,42900.19135,38089.7189,7.572452887e-09
94,2109.726789,2407.470225,4517.197013,-1228.916777,316.6858376,7.100687035,23.91999409,0.01260850668,347.7191272,42653.71052,38136.5135,7.539711078e-09
94.2,3373.630675,853.9966939,4227.627369,-638.7500013,506.1337395,9.895144051,50.96204679,0.01789452144,567.0088248,42456.49649,38228.86913,7.587914297e-09
94.4,4030.642539,40.8135486,4071.456088,393.2602631,604.5130203,10.52538357,73.25171225,0.01929254581,688.3094087,42428.13656,38356.68047,7.650214684e-09
94.6,3784.651017,333.7416996,4118.392717,1402.287488,567.4463556,8.725167657,80.74557554,0.01620485744,656.9333037,42612.2453,38493.85258,7.674316294e-09
94.8,2747.106328,1599.501767,4346.608095,1933.36033,411.632143,5.352873461,70.06353398,0.01011767655,487.0586682,42956.68184,38610.07375,7.777089195e-09
95,1386.451735,3266.049978,4652.501713,1746.832098,207.3357275,1.971392419,46.0147787,0.003863285267,255.3257619,43336.98829,38684.48658,7.788912626e-09
95.2,316.6325154,4580.783615,4897.416131,926.8387509,46.72674451,0.1134913763,19.43630348,0.0002809128593,66.27682028,43612.511,38715.09487,7.728885976e-09
95.4,20.08046942,4950.152889,4970.233358,-156.3251726,2.322190739,0.5749579067,2.314355294,0.0009031145375,5.212407055,43689.89863,38719.66527,7.805283531e-09
95.6,630.0968136,4207.501125,4837.597939,-1013.079069,94.26452102,3.060017102,2.3835986,0.005272142864,99.71340886,43565.31376,38727.71582,7.758899301e-09
95.8,1870.777275,2688.296323,4559.073598,-1255.472471,281.1964365,6.337244599,19.63645051,0.01119156737,307.1813231,43326.27522,38767.20162,7.738890417e-09
96,3181.591379,1078.76223,4260.353609,-772.4602111,478.8686588,8.827235306,46.31771585,0.01578270285,534.0293927,43112.25462,38851.90101,7.736161933e-09
96.2,3970.443486,106.135437,4076.578923,219.6496162,598.1154502,9.344985946,70.41164589,0.01684489955,677.8889269,43051.77179,38975.19287,7.742983144e-09
96.4,3881.051167,210.276066,4091.327233,1274.488989,585.0881707,7.651065819,81.05481267,0.01388329531,673.8079324,43204.36418,39113.03695,7.681137504e-09
96.6,2953.95011,1344.866413,4298.816523,1916.89845,445.5974379,4.556902788,73.43760174,0.008327685292,523.6002701,43533.63563,39234.81911,7.652488421e-09
96.8,1608.363677,2998.049475,4606.413153,1857.409967,242.5595635,1.53786129,50.98330085,0.002845754974,295.0835714,43923.58628,39317.17313,7.647940947e-09
97,452.9892061,4423.36521,4876.354416,1123.116069,67.66306595,0.03655702938,23.81707016,7.632464373e-05,91.51676946,44230.8965,39354.54208,7.657035894e-09
97.2,11.01809277,4976.870902,4987.888995,45.74506753,0.00698093309,0.7823392954,4.208312386,0.001377774327,4.999010389,44349.59615,39361.70716,7.697963156e-09
97.4,483.5394339,4408.261242,4891.800676,-887.8230712,70.36353361,3.444970773,1.036662265,0.006178980465,74.85134563,44258.93301,39367.13234,7.767084753e-09
97.6,1658.289439,2974.401486,4632.690924,-1255.241053,247.2099735,6.785064591,15.77688446,0.01223886216,269.7841615,44032.8103,39400.11937,7.788003131e-09
97.8,3005.176787,1323.751181,4328.927967,-889.4446587,450.8736147,9.232714433,41.81828548,0.01669643912,501.941311,43806.49543,39477.56747,7.754351827e-09
98,3915.65944,203.6146434,4119.274083,45.70256659,589.4501195,9.625871747,67.43348443,0.01742286068,666.5268986,43715.59376,39596.31967,7.790731615e-09
98.2,3977.950826,122.3064847,4100.257311,1129.143706,600.3089455,7.764049677,81.06458826,0.01404242384,689.1516259,43834.82084,39734.56353,7.7761797e-09
98.4,3163.648179,1118.908145,4282.556324,1872.577804,478.4443897,4.516569121,76.54494967,0.008139325226,559.5140478,44144.22396,39861.66764,7.788912626e-09
98.6,1841.207097,2744.901413,4586.10851,1940.930323,278.8363813,1.429919737,55.89753243,0.002543022941,336.1663765,44538.1304,39952.02189,7.813468983e-09
98.8,609.8444763,4266.338612,4876.183088,1303.779358,91.70338563,0.01157565391,28.43936186,1.460631365e-05,120.1543378,44872.81366,39996.63058,7.849848771e-09
99,28.67817453,4995.485327,5024.163501,249.2714535,1.77911635,1.02023098,6.587166517,0.001940540904,9.388454388,45031.37503,40007.21153,7.846210792e-09
99.2,363.4751791,4602.134788,4965.609967,-745.8704004,49.99045118,4.093587685,0.2513176048,0.007645388625,54.34300186,44976.5427,40010.93274,7.878043107e-09
99.4,1465.683315,3263.695228,4729.378543,-1231.621102,214.8685497,7.892541081,12.34868669,0.01465613134,235.1244336,44767.52701,40038.14847,7.887138054e-09
99.6,2838.810196,1585.81485,4424.625046,-987.9926443,422.140743,10.70361899,37.46643288,0.01981339212,470.3306082,44533.29419,40108.66914,7.914422895e-09
99.8,3862.531271,329.004724,4191.535995,-124.5331411,578.2250295,11.22828383,64.28972231,0.02072948977,653.7637651,44414.31061,40222.77462,7.984453987e-09
100,4073.419453,64.599951,4138.019404,969.0566797,612.527637,9.19682687,80.7056987,0.01692317284,702.4470858,44499.06773,40361.04833,7.950802683e-09
100.2,3375.290808,915.6565361,4290.947344,1798.962153,509.4270014,5.519477967,79.28204625,0.01009777613,594.2386234,44784.07444,40493.1271,7.974449545e-09
100.4,2083.705772,2500.280906,4583.986678,1990.440624,315.4497319,1.89574624,60.64211349,0.003414877764,377.9910065,45175.41255,40591.42587,8.002643881e-09
100.6,784.0303953,4103.504922,4887.535317,1457.269168,118.3366398,0.05096513068,33.20310435,7.576329004e-05,151.590785,45531.17062,40643.6353,8.027200238e-09
100.8,66.86479179,5000.391532,5067.256324,440.7985832,7.411473577,0.943325474,9.385527419,0.001847825621,17.7421743,45725.58659,40658.33027,8.055394574e-09
101,260.3824443,4784.386259,5044.768703,-599.1194027,33.1504268,4.304444732,2.520903361e-05,0.008211289075,37.46310803,45705.90204,40661.13334,8.093593351e-09
101.2,1280.860258,3552.203794,4833.064052,-1192.072194,184.254186,8.730491968,9.348148478,0.01653123363,202.3493576,45516.21191,40683.14786,8.090864867e-09
101.4,2669.46777,1861.161653,4530.629423,-1069.874138,392.6422802,12.29338672,33.25789533,0.02319947642,438.2167617,45277.51062,40746.88119,8.167262422e-09
101.6,3799.171594,477.7472382,4276.918833,-287.9295429,564.1695102,13.40402792,60.95209195,0.02524750995,638.5508776,45132.94728,40856.02845,8.211827662e-09
101.8,4158.467122,30.82772167,4189.294844,799.7894061,621.209744,11.54018295,79.91390712,0.02170762646,712.6855417,45183.04919,40993.75435,8.253664419e-09
102,3583.557779,726.3932703,4309.951049,1700.892209,537.8451345,7.506463207,81.55328855,0.01409987189,626.9189861,45440.22349,41130.27244,8.264578355e-09
102.2,2333.595347,2253.229238,4586.824585,2007.418634,351.7045831,3.100242222,65.10874185,0.005806890008,419.9193741,45823.13495,41236.31037,8.320057532e-09
102.4,974.4257777,3922.716418,4897.142196,1580.531955,147.0383814,0.3239168319,38.0112988,0.0005970706608,185.3741941,46193.51614,41296.37395,8.330971468e-09
102.6,122.9883874,4979.970072,5102.95846,613.4197318,16.63693389,0.4907676937,12.53619447,0.0009449385881,29.66484099,46418.75762,41315.79916,8.334609447e-09
102.8,167.8330521,4945.731448,5113.5645,-456.1328654,19.80519544,3.62467217,0.250326554,0.006899486294,23.68709365,46431.94563,41318.38113,8.309143595e-09
103,1092.374751,3834.15169,4926.526441,-1143.969129,155.4295136,8.427347734,6.767198953,0.01601654356,170.6400768,46262.15876,41335.63232,8.291863196e-09
103.2,2481.287407,2147.486927,4628.774334,-1138.851792,362.3738293,12.83565447,29.1884487,0.02440170257,404.4223342,46021.293,41392.51867,8.320057532e-09
103.4,3707.639338,649.5997758,4357.239114,-443.4919961,547.0799116,14.92739626,57.39895098,0.02841403553,619.4346729,45853.36962,41496.1305,8.327333489e-09
103.6,4216.430547,20.41825808,4236.848805,626.6111518,625.9136847,13.7755041,78.63762746,0.02628021308,718.3530964,45869.27857,41632.42976,8.427377907e-09
103.8,3776.26578,547.6876653,4323.953445,1586.059985,563.0890863,9.869524918,83.27863915,0.01890028326,656.2561507,46096.5195,41772.56606,8.398274076e-09
104,2585.008944,1995.79169,4580.800634,1999.493455,386.9680647,4.912901905,69.20335421,0.009479152814,461.0938,46466.71993,41885.91929,8.511051419e-09
104.2,1181.169351,3711.461169,4892.63052,1678.931641,177.3070818,1.081056555,42.77647737,0.002136705145,221.1667524,46846.60169,41953.97117,8.503775462e-09
104.4,200.7168929,4918.941745,5119.658638,769.0733515,29.1812993,0.06574053803,15.97589064,0.0001041068501,45.22303459,47098.37788,41978.71924,8.511051419e-09
104.6,89.1856222,5071.221334,5160.406956,-318.1753112,9.904744087,2.327947975,0.9701290795,0.004301132898,13.20712227,47142.21554,41981.80859,8.511960914e-09
104.8,899.4434119,4098.248604,4997.692016,-1090.342132,128.4703065,6.890996648,4.598638206,0.01292448853,139.9728658,46992.44869,41994.75667,8.469214663e-09
105,2266.95853,2439.466391,4706.424921,-1197.650339,331.3887629,11.76690858,25.25940119,0.02223200998,368.4373047,46751.11117,42044.68625,8.492861525e-09
105.2,3574.129313,845.544942,4419.674255,-591.6950509,526.855303,14.82874127,53.6211003,0.0281792918,595.3333238,46561.70002,42142.02577,8.54015525e-09
105.4,4229.56877,38.78853194,4268.357302,452.4522739,626.3259694,14.74380517,76.84384897,0.02818826643,717.9418118,46544.11365,42275.75634,8.551978681e-09
105.6,3935.99186,385.8939295,4321.885789,1460.818485,584.6721239,11.5557903,84.39927317,0.02226911085,680.6494564,46740.25806,42418.37227,8.563802112e-09
105.8,2825.295713,1731.378018,4556.673731,1975.382953,420.6980336,6.65969328,72.85114668,0.01300339312,500.2218769,47094.99497,42538.32124,8.685674402e-09
106,1399.416515,3467.381843,4866.798358,1761.833333,208.6888068,2.182642494,47.42496426,0.004400143438,258.3008137,47481.09407,42614.29572,8.687493391e-09
106.2,303.4817479,4808.520207,5112.001955,915.9968338,44.78544155,0.04642907454,19.6489107,0.0001336919272,64.48091502,47756.90124,42644.89928,8.732968126e-09
106.4,33.82333373,5147.465667,5181.289001,-179.3929695,3.408794974,1.12705453,2.131081511,0.001942235038,6.668873249,47830.58899,42649.29999,8.808456187e-09
106.6,713.0739581,4330.214464,5043.288422,-1028.091507,103.4876535,4.881360377,2.839586125,0.008890312544,111.2174903,47701.85224,42658.56382,8.792994777e-09
106.8,2034.322441,2726.211657,4760.534098,-1245.351654,299.8212457,9.601729073,21.4812815,0.01781199822,330.9220683,47462.12094,42701.58685,8.760252967e-09
107,3399.79278,1061.371427,4461.164207,-732.5305676,503.5202991,13.18070522,49.6256118,0.02472778659,566.3513439,47253.16211,42791.9979,8.809365681e-09
107.2,4191.374948,89.47113325,4280.846082,277.9356209,622.2822072,14.04267535,74.52179887,0.02660017264,710.8732816,47202.81629,42921.97021,8.860297385e-09
107.4,4050.526407,250.7187374,4301.245145,1327.68572,602.2483822,11.82900486,84.88073675,0.02264995916,698.9807737,47366.99817,43065.75303,8.912138583e-09
107.6,3040.728281,1472.214421,4512.942702,1940.140164,452.4575887,7.53656843,75.99904276,0.01465846906,536.0078583,47704.27223,43191.32953,8.944880392e-09
107.8,1618.830949,3200.80867,4819.639619,1836.639813,240.7891761,3.055383888,51.89871778,0.006136691929,295.7494144,48094.56102,43274.9214,8.918505046e-09
108,428.2013216,4653.569903,5081.771224,1063.002606,63.21610377,0.3184512519,23.50861152,0.0007458425393,87.04391238,48393.53761,43311.76638,8.892129699e-09
108.2,7.351371798,5172.43188,5179.783252,-30.96372796,0.297591622,0.4465472852,3.710039141,0.0006803977396,4.454858446,48498.06433,43318.28108,8.856659406e-09
108.4,546.0591903,4522.327355,5068.386545,-949.8163502,80.63896946,3.267945502,1.493117866,0.005730961011,85.40576379,48393.01179,43324.62524,8.79936124e-09
108.6,1799.492231,2997.684585,4797.176816,-1277.000322,267.896712,7.420864791,17.87560076,0.01343120522,293.2066088,48158.21204,43361.03522,8.785718819e-09
108.8,3199.239585,1289.000108,4488.239693,-863.7876623,477.2337329,10.9836609,45.43746263,0.02020421168,533.6750607,47932.36023,43444.12054,8.831193554e-09
109,4110.913157,169.9471767,4280.860334,103.0566892,613.7729785,12.3429141,71.68413189,0.02297933058,697.8230039,47850.19621,43569.33587,8.924871508e-09
109.2,4121.551979,146.8301132,4268.382092,1185.647543,615.6158315,10.90746833,84.71349619,0.02054929287,711.2573453,47981.42364,43713.04155,8.95215635e-09
109.4,3226.578814,1229.259978,4455.838792,1893.251476,481.9160041,7.351347681,78.6156421,0.01406569868,567.8970596,48299.05755,43843.21876,9.05856723e-09
109.6,1831.623446,2925.965419,4757.588865,1904.663533,273.2735999,3.284605082,56.1549361,0.006467244028,332.7196083,48691.57031,43933.98144,9.024915926e-09
109.8,568.4717734,4467.58639,5036.058164,1213.913441,84.2664483,0.5097277585,27.51700562,0.001117631111,112.2942993,49013.36406,43977.30589,9.150426195e-09
110,8.651605936,5155.410338,5164.061944,133.2174354,0.5728011142,0.2053781454,5.688861338,0.0002808891066,6.467321487,49150.72321,43986.66126,9.129507816e-09
110.2,404.523007,4677.95087,5082.473877,-848.2487022,60.12826063,2.40690466,0.5682408485,0.00412461183,63.10753075,49073.37102,43990.89715,9.162249626e-09
110.4,1575.199776,3251.898263,4827.098039,-1285.845,235.9300164,6.013588772,14.4747533,0.01069189369,256.4290503,48848.26003,44021.16199,9.064933693e-09
110.6,2988.904054,1523.635858,4512.539911,-980.9192346,448.283609,9.310962237,41.09901499,0.01683739094,498.7104236,48609.32473,44096.78482,9.132236301e-09
110.8,4004.277992,276.0749143,4280.352906,-70.94086369,600.9356055,10.76321978,68.36575414,0.01968593076,680.0842654,48496.87351,44216.5206,9.125869838e-09
111,4161.14829,73.78321536,4234.931506,1032.563111,624.7060834,9.711386851,83.9111229,0.01794135999,718.3465345,48594.05665,44359.12514,9.204086382e-09
111.2,3388.907726,1007.281947,4396.189673,1830.220553,508.8383961,6.660431951,80.68904083,0.01245113866,596.20032,48889.18404,44492.99436,9.213181329e-09
111.4,2038.131625,2652.343756,4690.475382,1960.883752,305.8582508,3.029654834,60.16390325,0.005779671194,369.0575885,49280.96909,44590.49371,9.18043952e-09
111.6,721.2586467,4262.602567,4983.861214,1365.191698,107.7485397,0.4870977047,31.64292684,0.0009994384955,139.8795637,49624.34093,44640.47972,9.198629414e-09
111.8,34.73197361,5108.024325,5142.756299,312.5464612,4.250275245,0.1776568141,8.052926954,0.0002646122323,12.48112363,49796.09577,44653.33947,9.192262951e-09
112,288.6659231,4805.73602,5094.401943,-720.7376694,42.19708283,2.200307082,0.07849950274,0.003825548904,44.47971496,49750.67052,44656.26858,9.189534467e-09
112.2,1366.571905,3493.282155,4859.85406,-1266.96904,204.3127794,5.572581537,11.3202937,0.00993373902,221.2155884,49540.78875,44680.93469,9.141331248e-09
112.4,2778.601255,1765.90381,4544.505065,-1078.737113,417.0703471,8.694895467,36.66761963,0.01567332717,462.4485355,49293.62825,44749.12319,9.071300155e-09
112.6,3883.976937,406.4435653,4290.420502,-240.8894425,584.0345197,10.09736546,64.62067607,0.0183281203,658.7708893,49153.29251,44862.87201,9.113136912e-09
112.8,4181.616584,30.44019561,4212.056779,867.8505221,629.5643028,9.122835829,82.50664801,0.01664820353,721.2104349,49215.61999,45003.56321,9.092218534e-09
113,3537.140478,807.3149014,4344.455379,1746.240795,533.0675897,6.230608504,82.22315066,0.01142950213,621.5327784,49484.83098,45140.3756,9.122231859e-09
113.2,2243.428091,2383.937545,4627.365636,1997.289884,338.2949994,2.781229011,63.90570853,0.005139166918,404.9870761,49871.62633,45244.2607,9.14769771e-09
113.4,887.4405667,4045.046579,4932.487146,1507.81525,133.4805113,0.4024916674,35.85932526,0.0007617615038,169.74309,50233.59129,45301.10415,9.20954335e-09
113.6,83.86766886,5037.638619,5121.506288,499.5618459,11.34699901,0.2302700965,10.78881744,0.0004020934386,22.36648864,50439.61586,45318.10957,9.222276276e-09
113.8,196.4586066,4912.205926,5108.664533,-571.2038277,27.10843909,2.375905606,0.03958463488,0.004293890967,29.52822322,50429.18258,45320.51804,9.158611647e-09
114,1173.356252,3726.191018,4899.54727,-1220.141704,173.4925126,5.867874499,8.459975272,0.01067695043,187.8310393,50239.70518,45340.15791,9.158611647e-09
114.2,2570.958895,2017.587309,4588.546204,-1153.890123,384.0815112,9.096930834,32.21181739,0.01660439316,425.4068638,49989.56582,45401.01962,9.166797099e-09
114.4,3755.318312,560.8327696,4316.151082,-402.6289114,563.434005,10.56119433,60.51749657,0.01931064582,634.5320065,49824.54451,45508.39343,9.144059732e-09
114.6,4189.636833,15.76447677,4205.40131,693.7587105,630.3232751,9.567810104,80.54778834,0.01750841585,720.4563819,49851.88895,45646.48764,9.24046617e-09
114.8,3677.496812,628.7534686,4306.25028,1639.576357,554.5020646,6.56560976,83.233241,0.01201109143,644.3129264,50091.84907,45785.59879,9.301402315e-09
115,2451.638022,2121.36677,4573.004792,2007.561837,370.3537102,2.951252612,67.36650079,0.005384326686,440.6768479,50468.58239,45895.5776,9.304130799e-09
115.2,1068.184506,3816.844539,4885.029045,1632.022056,161.2712891,0.4331768622,40.14024331,0.0007772311705,201.8454865,50844.51491,45959.48587,9.296854842e-09
115.4,154.407045,4946.920381,5101.327426,683.5336822,21.86484328,0.2425958952,13.88162462,0.0004647754473,35.98952856,51082.58614,45981.25872,9.305949789e-09
115.6,124.4224127,4999.879043,5124.301456,-408.4774495,15.12638956,2.554273102,0.4663781078,0.004772654274,18.15181342,51108.20875,45983.90729,9.314135241e-09
115.8,991.658675,3952.183013,4943.841688,-1150.137088,143.9467884,6.387098283,5.944037208,0.01188750455,156.2898114,50942.92558,45999.08389,9.309587767e-09
116,2362.974587,2278.85377,4641.828357,-1206.486936,349.8618588,10.03672983,27.80673571,0.01865354152,387.7239778,50694.57053,46052.74217,9.356881492e-09
116.2,3616.970446,738.0639734,4355.03442,-552.7760273,539.5674915,11.84853782,56.13421682,0.02200363464,607.5722498,50508.423,46153.38858,9.351424524e-09
116.4,4185.600294,27.63862274,4213.238917,514.6689036,627.1757328,10.98039166,78.09178256,0.02037601716,716.268283,50501.48136,46288.24245,9.33323463e-09
116.6,3811.47149,469.0847428,4280.556233,1512.772109,573.0736483,7.804986284,83.74139941,0.01446503937,664.634499,50709.59275,46429.03652,9.397808753e-09
116.8,2664.31967,1862.189457,4526.509126,1990.344521,401.8049886,3.76192332,70.53486946,0.006950234369,476.1087316,51071.33359,46544.82446,9.413270163e-09
117,1263.995096,3575.903996,4839.899091,1732.067748,190.9055515,0.7189452525,44.45795534,0.001310556267,236.0837626,51455.89115,46615.99205,9.415089153e-09
117.2,244.9377389,4834.223812,5079.161551,855.5940916,35.77375571,0.1267312491,17.31230752,0.0002505429712,53.21304502,51722.29078,46643.12923,9.385075828e-09
117.4,68.85864581,5067.541149,5136.399795,-242.0368805,6.494338613,2.349636991,1.369877433,0.004450209072,10.21830325,51783.15108,46646.75128,9.34869604e-09
117.6,815.7256206,4170.402078,4986.127698,-1064.2721,116.1559292,6.479726595,3.821268631,0.0122135583,126.469138,51644.13007,46658.00237,9.399627743e-09
117.8,2147.630458,2549.064698,4696.695155,-1239.725259,314.982578,10.72571455,23.52930547,0.02019024431,349.2577882,51401.24988,46704.55473,9.363247955e-09
118,3461.81578,937.452922,4399.268702,-690.000079,512.9073204,13.20857215,51.55306513,0.02486002944,577.6938177,51197.35656,46798.08786,9.380528354e-09
118.2,4163.526765,64.91375143,4228.440516,335.186045,620.3485284,12.80904955,75.20049905,0.02411945317,708.3821965,51157.45217,46929.01165,9.351424524e-09
118.4,3935.168791,326.186657,4261.355448,1371.323881,588.7279746,9.684510512,83.77248456,0.01825483208,682.2032245,51332.17145,47070.816,9.363247955e-09
118.6,2879.986519,1602.901305,4482.887823,1949.467838,432.4058728,5.217438267,73.39881353,0.009853625127,511.0319783,51674.96043,47192.07261,9.344148566e-09
118.8,1475.30724,3317.281865,4792.589105,1808.376041,222.1311809,1.41182186,48.78064916,0.002679570359,272.3263314,52063.24389,47270.65478,9.385075828e-09
119,356.5675765,4693.651053,5050.21863,1012.473604,52.99678558,0.002683862365,21.05546053,4.125680636e-06,74.0549341,52353.96051,47303.74188,9.436007531e-09
119.2,29.87093757,5109.350903,5139.22184,-77.62925103,1.414793418,1.675836935,2.754414446,0.003136866335,5.848181666,52448.30796,47309.08612,9.394170775e-09
119.4,643.1013552,4376.322728,5019.424083,-968.5853134,90.57741638,5.749176957,2.135347988,0.0108159514,98.47275727,52336.39834,47316.97426,9.42236511e-09
119.6,1919.080938,2826.034803,4745.115742,-1257.657189,280.0130801,10.46268351,19.45386158,0.01974043391,309.9493656,52101.64073,47356.52499,9.436007531e-09
119.8,3280.941477,1159.442276,4440.383753,-814.8649982,483.9381489,13.75249987,46.85590055,0.02601720207,544.5725665,51882.90537,47442.52161,9.392351785e-09
120,4112.963128,129.92961,4242.892738,158.4373851,610.0813305,14.16670396,71.93631981,0.02688429287,696.2112386,51811.62614,47568.7334,9.347786545e-09
120.2,4038.916081,202.6647103,4241.580791,1220.957591,601.4098239,11.51474972,83.35097203,0.02194423158,696.2974899,51952.32227,47710.74148,9.382347343e-09
120.4,3092.08041,1344.383382,4436.463793,1891.36123,461.8902046,6.95930605,75.94360278,0.01335498079,544.8064684,52273.44996,47836.98617,9.351424524e-09
120.6,1700.134987,3038.579065,4738.714052,1866.141545,254.6508897,2.506866857,53.07090737,0.004888010944,310.233552,52661.75111,47923.03706,9.364157449e-09
120.8,491.8106739,4519.130982,5010.941656,1156.866715,73.39886985,0.1216514394,25.07776905,0.0002673744117,98.59855772,52973.57493,47962.63328,9.322320693e-09
121,12.7476034,5116.669812,5129.417416,84.75279234,0.03288437857,0.8560055138,4.615507275,0.001525166069,5.505922333,53099.92279,47970.50537,9.284121916e-09
121.2,478.9858934,4561.077431,5040.063324,-864.8963467,67.62455148,4.384030204,0.9218619781,0.008103240625,72.93854691,53015.77125,47975.70793,9.258656064e-09
121.4,1679.456008,3103.42223,4782.878239,-1262.435685,245.4978265,9.146077154,15.64855594,0.01710031544,270.3095599,52791.3596,48008.48136,9.189534467e-09
121.6,3071.462816,1402.304979,4473.767795,-928.3325998,453.1361184,13.03987972,42.12058827,0.02455478764,508.3211412,52560.35199,48086.5842,9.202267393e-09
121.8,4025.944445,226.0855934,4252.030038,-14.33982023,596.6114507,14.35084451,68.35910925,0.02719359343,679.3485981,52459.30297,48207.27293,9.245013644e-09
122,4111.645401,105.6391801,4217.284581,1065.302799,611.0544953,12.50802215,82.49890601,0.02387132927,706.0852948,52565.83547,48348.55089,9.292307368e-09
122.2,3289.818926,1094.577458,4384.396384,1821.451908,489.9646149,8.330709489,78.15067832,0.01606324365,576.462066,52863.51333,48479.11695,9.304130799e-09
122.4,1931.55372,2745.232878,4676.786598,1911.502606,288.1190315,3.65819597,57.28512337,0.007197838968,349.0695487,53249.30058,48572.51398,9.291397873e-09
122.6,649.9860318,4311.154726,4961.140758,1294.46371,96.78065888,0.5299411228,29.33732437,0.001130844761,126.6490552,53580.2224,48619.08164,9.272298485e-09
122.8,23.27617096,5084.512138,5107.788309,249.4958466,2.42518604,0.2826763218,6.938572937,0.0004419669493,9.646877266,53738.10189,48630.31358,9.250470612e-09
123,333.5273508,4715.887822,5049.415173,-750.4604315,47.650976,2.965914937,0.2062674249,0.005310435574,50.8284688,53683.06923,48633.65406,9.196810424e-09
123.2,1439.556697,3371.977626,4811.534323,-1252.764094,211.939598,7.333203683,12.17283598,0.01346314203,231.4591008,53471.624,48660.08967,9.187715477e-09
123.4,2840.90765,1660.020666,4500.928316,-1029.973607,420.9547863,11.40838346,37.41854163,0.02120879893,469.8029202,53231.07477,48730.14645,9.239556675e-09
123.6,3904.084803,353.2172466,4257.302049,-182.8372106,580.1653507,13.3700289,64.52437999,0.02508861293,658.0848482,53101.92213,48844.62008,9.309587767e-09
123.8,4148.738394,41.29541547,4190.033809,905.2430016,617.5854494,12.35751993,81.23499695,0.02340392487,711.2013702,53174.2595,48984.22569,9.305949789e-09
124,3464.505588,864.1490065,4328.654595,1741.683695,516.3102908,8.84057601,79.99759819,0.01694316299,605.1654082,53446.97597,49118.32137,9.433279047e-09
124.2,2160.608796,2448.862027,4609.470823,1947.646763,322.1439047,4.392167819,61.37386884,0.00859409439,387.9185355,53828.23053,49218.7597,9.473296814e-09
124.4,825.907291,4078.480117,4904.387408,1429.548172,122.8779108,0.9727098715,33.78385394,0.002027783896,157.6365024,54176.99344,49272.60603,9.420546121e-09
124.6,62.7286233,5016.160824,5078.889448,421.5250422,8.594504273,0.05079636232,9.698594597,5.2908068e-05,18.34394814,54366.86649,49287.97704,9.395989764e-09
124.8,214.7865866,4838.156627,5052.943214,-620.3920008,30.94165543,1.955482069,0.002898494717,0.003379405136,32.9034154,54343.30714,49290.36392,9.37779987e-09
125,1212.097982,3625.154529,4837.252511,-1224.560879,179.7895453,5.747178828,9.076059301,0.01033851633,194.623122,54148.35793,49311.10542,9.34687705e-09
125.2,2602.890019,1925.564704,4528.454723,-1117.159666,387.8177892,9.658585583,32.81343986,0.01767129278,430.307486,53901.67738,49373.22266,9.33141564e-09
125.4,3757.975986,507.4430235,4265.419009,-346.1988785,560.9564706,11.90065253,60.48259884,0.02201716731,633.3617391,53746.43731,49481.0183,9.375980881e-09
125.6,4155.163565,11.2487128,4166.412277,740.0312035,620.917692,11.46685579,79.57476375,0.02142450501,711.980736,53784.55164,49618.13937,9.461473383e-09
125.8,3615.145522,660.4164955,4275.562018,1650.38819,540.5900119,8.573956002,81.45891764,0.01620370734,630.6390892,54030.53856,49754.97654,9.467839845e-09
126,2382.306903,2160.540412,4542.847315,1973.016021,356.2951822,4.545235669,65.28312324,0.008747972781,426.1322891,54404.90044,49862.05313,9.526957001e-09
126.2,1014.011101,3832.675523,4846.686624,1561.726729,151.3662334,1.195837734,38.35980889,0.002416924546,190.924297,54770.03677,49923.35014,9.512405086e-09
126.4,128.4937747,4920.426454,5048.920228,602.2913971,18.47044262,0.004036573239,12.86070303,2.666649582e-07,31.33518249,54992.46476,49943.54453,9.531504475e-09
126.6,125.3742723,4931.949605,5057.323877,-471.4056312,17.71001327,1.446024699,0.3149682902,0.002462303022,19.47346857,55003.21363,49945.88976,9.496034181e-09
126.8,1005.126573,3862.245528,4867.372101,-1173.494271,149.4434562,4.79380716,6.397155408,0.008532762266,160.6429516,54829.07076,49961.69866,9.491486708e-09
127,2369.075874,2195.269381,4564.345255,-1185.866825,354.1173948,8.462792706,28.36098185,0.01531917216,390.9564886,54580.52985,50016.1846,9.567884263e-09
127.2,3599.854418,684.9521573,4284.806575,-502.1610862,539.1883308,10.74526782,56.27945016,0.01965016655,606.232699,54401.86931,50117.06273,9.586074157e-09
127.4,4140.667874,14.18788095,4154.855754,569.1835447,620.9657843,10.5920212,77.53151763,0.01952964033,709.1088528,54405.92056,50251.06481,9.647010302e-09
127.6,3747.07074,486.0087964,4233.079536,1544.247963,562.4594018,8.085376694,82.50780664,0.01503716342,653.0676223,54623.02234,50389.9428,9.664290701e-09
127.8,2597.40766,1886.60091,4484.00857,1982.389689,390.1155225,4.390375494,68.95618845,0.0082685859,463.470355,54987.25468,50503.24611,9.589712135e-09
128,1212.008601,3582.094539,4794.10314,1685.5357,181.8703038,1.210506937,43.00215056,0.002352452177,226.0853137,55366.19742,50572.09428,9.609721019e-09
128.2,217.7197557,4805.339736,5023.059491,787.8726144,31.91485316,0.0005146704967,16.38151675,1.877543375e-07,48.29688476,55620.7762,50597.71671,9.598807083e-09
128.4,64.29688846,5002.952473,5067.249362,-304.6760363,8.100189675,1.298398879,1.135391348,0.002258457242,10.53623836,55668.14647,50600.89711,9.536051948e-09
128.6,820.9531274,4085.653446,4906.606574,-1097.880256,121.243025,4.482344119,4.165128853,0.008035632802,129.8985336,55519.17973,50612.57316,9.543327906e-09
128.8,2145.093298,2468.654267,4613.747564,-1232.6423,320.2175526,8.062345683,24.10943703,0.01461643896,352.4039518,55273.59,50659.84244,9.547875379e-09
129,3437.376605,883.8064276,4321.183032,-647.4187375,515.0614201,10.37078978,51.95679662,0.01892424624,577.4079308,55074.88703,50753.70399,9.618815966e-09
129.2,4112.954906,48.4741873,4161.429093,393.8442281,617.6549873,10.33354359,75.11792399,0.0189475557,703.1254024,55045.51003,50884.08094,9.664290701e-09
129.4,3866.164653,340.9237351,4207.088388,1420.941582,581.5809614,7.966672894,83.11815095,0.01467276547,672.6804581,55231.46562,51024.37723,9.688847058e-09
129.6,2808.894777,1629.101558,4437.996336,1969.939777,423.1350004,4.37020067,72.33604922,0.0080930481,499.8493434,55581.50556,51143.50922,9.649738786e-09
129.8,1419.991808,3330.30746,4750.299269,1792.931497,213.9762326,1.221414091,47.64460485,0.002288446571,262.84454,55970.26966,51219.97039,9.675204637e-09
130,328.5603594,4674.81474,5003.375099,970.1662673,48.73080144,0.0002753719052,20.21100556,5.476165473e-08,68.94208242,56254.9414,51251.5663,9.736140782e-09
130.2,29.19571014,5054.197913,5083.393624,-126.1714124,2.192962211,1.303103183,2.448176403,0.002355123699,5.946596921,56339.80718,51256.41356,9.782525012e-09
130.4,658.0231633,4296.759221,4954.782384,-1000.190851,95.48055254,4.561078292,2.400133653,0.008332449444,102.4500969,56219.53026,51264.74788,9.8189048e-09
130.6,1930.943386,2745.380806,4676.324191,-1256.485903,286.459791,8.295109696,20.10070803,0.01521872451,314.8708275,55981.56898,51305.24479,9.786162991e-09
130.8,3272.102938,1102.495815,4374.598753,-778.9195834,488.782185,10.79257033,47.5540458,0.01985128186,547.1486524,55766.63999,51392.04124,9.823452274e-09
131,4074.513622,112.2534233,4186.767045,216.8505861,610.9338748,10.89690801,72.34785449,0.0200793153,694.1987166,55705.09886,51518.33182,9.862560546e-09
131.2,3974.894248,223.6680573,4198.562305,1280.874089,597.639264,8.547471714,83.26685835,0.01577134448,689.4693654,55858.00296,51659.44065,9.935320122e-09
131.4,3018.308149,1387.215993,4405.524142,1932.358054,454.8867803,4.81927582,75.36790928,0.008900565206,535.0828659,56189.50729,51783.98315,9.919858712e-09
131.6,1637.992264,3077.01473,4715.006995,1877.068087,247.2455126,1.440225686,52.22011697,0.0026600382,300.9085153,56583.0766,51868.0696,9.926225175e-09
131.8,459.3997272,4528.659329,4988.059056,1140.362168,68.6734678,0.002907120556,24.29460626,5.10953238e-06,92.97098629,56894.18251,51906.12345,9.947143553e-09
132,17.07238291,5085.166109,5102.238492,55.69029783,0.01371428608,1.229857758,4.2301112,0.002287128634,5.475970372,57015.65404,51913.41555,9.960785974e-09
132.2,512.4866954,4494.477403,5006.964098,-886.2389731,72.40542571,4.629818798,1.114834403,0.008607063695,78.15868597,56926.12687,51919.16278,9.969880921e-09
132.4,1722.553527,3023.818098,4746.371625,-1259.402183,253.1702869,8.706507842,16.37161793,0.01619396205,278.2646067,56699.6812,51953.30957,9.9562385e-09
132.6,3100.316551,1339.024023,4439.340574,-895.1254553,460.5724517,11.63024089,43.10963833,0.0216470757,515.333978,56472.3129,52032.97233,9.94077709e-09
132.8,4022.39728,203.3279103,4225.72519,41.67563006,600.7867685,12.07037654,69.2382507,0.02248366575,682.1178794,56380.40801,52154.68282,9.839823178e-09
133,4071.251292,131.8562109,4203.107503,1127.159216,610.3557022,9.810202191,82.93609733,0.018288735,703.1202904,56499.05317,52295.94567,9.859832062e-09
133.2,3224.448019,1158.228285,4382.676305,1870.335162,484.9224548,5.861367836,78.00163521,0.01093685141,568.7963947,56808.08685,52425.41054,9.900759324e-09
133.4,1865.183367,2819.000974,4684.184341,1935.187881,281.2290001,2.020148687,56.66324117,0.003773343588,339.9161633,57201.24407,52517.05973,9.875293472e-09
133.6,609.1119094,4363.147702,4972.259612,1292.649481,91.4614546,0.06124313968,28.57532725,0.0001147060122,120.0981397,57534.25024,52561.99063,9.852556104e-09
133.8,25.75490603,5091.886204,5117.64111,233.6732808,1.54093283,0.9314987409,6.452478183,0.001741598977,8.926651352,57690.09867,52572.45756,9.839823178e-09
134,380.5452118,4675.091277,5055.636489,-762.4902345,52.23086721,4.309517228,0.3157964164,0.008068509397,56.86424937,57631.97432,52576.33783,9.887116903e-09
134.2,1514.334696,3301.024117,4815.358813,-1245.193099,220.6666119,8.734646002,12.95516935,0.01637449137,242.3728018,57419.87994,52604.52113,9.935320122e-09
134.4,2915.047578,1591.474237,4506.521814,-996.3045879,430.6777992,12.2528112,38.66240941,0.0230026853,481.6160225,57183.44842,52676.9266,9.924406186e-09
134.6,3949.207068,320.5686586,4269.775727,-128.8640538,587.2445421,13.29228712,65.81075586,0.0249970275,666.3725821,57063.25301,52793.47728,9.937139112e-09
134.8,4148.645134,64.4152994,4213.060434,964.1606796,619.5013669,11.37605973,82.11522953,0.02144182829,713.014098,57147.18154,52934.12111,9.963514458e-09
135,3422.62836,940.147687,4362.776047,1787.7989,512.8256749,7.347952771,80.19387405,0.01389721868,600.3813989,57430.67121,53067.89516,1.004082151e-08
135.2,2099.290979,2552.571244,4651.862224,1969.139919,315.4796052,3.006464267,60.9122384,0.00572578045,379.4040337,57818.79752,53166.9353,1.00935722e-08
135.4,777.4679932,4172.704794,4950.172787,1426.109135,116.7872199,0.30637204,32.99562256,0.0006033573558,150.0898179,58169.26475,53219.09196,9.985342331e-09
135.6,55.84714718,5067.544224,5123.391371,404.5650954,6.713996799,0.483863245,9.082590437,0.0008763275598,16.28132681,58356.83114,53233.43977,1.001353667e-08
135.8,261.9559515,4831.863375,5093.819327,-633.0628634,35.13974831,3.497623042,0.004702251935,0.006501334031,38.64857494,58330.00166,53236.18233,1.005355443e-08
136,1303.672519,3571.850969,4875.523489,-1217.169339,189.2629695,8.038634912,9.881578671,0.01504673727,207.1982298,58134.32377,53258.80028,1.004991645e-08
136.2,2710.576134,1857.363914,4567.940048,-1083.594046,399.3737236,12.10743044,34.25263172,0.02276160282,445.7565473,57891.74353,53323.80348,1.004627848e-08
136.4,3846.563615,464.2733435,4310.836959,-293.2052049,570.3926623,13.90293828,62.09292669,0.02623962228,646.4147669,57745.373,53434.53604,1.00244506e-08
136.6,4197.614377,23.41393999,4221.028317,795.6947534,624.9069735,12.62635305,80.80225295,0.02393683617,718.3595163,57794.67996,53573.65164,1.006537786e-08
136.8,3604.502629,734.9899483,4339.492577,1689.643269,538.223044,8.840169995,81.90967034,0.01686467196,628.989749,58050.44651,53710.95393,1.010812412e-08
137,2335.089202,2277.744757,4612.833959,1983.492057,349.5627293,4.22071947,64.91071802,0.008146555681,418.7023133,58429.89161,53817.05765,1.005355443e-08
137.2,963.3731668,3954.103318,4917.476485,1543.888342,144.3257391,0.8136135535,37.49888381,0.001633544681,182.63987,58794.16549,53876.689,1.00426405e-08
137.4,109.9309939,5005.701431,5115.632425,569.6743593,15.43940439,0.1240192942,12.08500701,0.0001950623019,27.64862576,59011.23694,53895.60452,1.009448169e-08
137.6,161.1401808,4956.560814,5117.700995,-498.1534519,21.28864473,2.447771055,0.1792615178,0.004446372046,23.92012367,59015.69453,53897.99354,1.002172212e-08
137.8,1094.246766,3828.59548,4922.842246,-1176.160462,159.2731303,6.741715137,7.178957227,0.01247953592,173.2062822,58838.37861,53915.53636,1.005082595e-08
138,2487.491284,2131.862387,4619.353671,-1157.429203,366.9688286,11.09054343,29.92261482,0.02071644939,408.0027033,58592.42145,53973.06778,1.007447281e-08
138.2,3710.786378,633.8926169,4344.678995,-450.5950817,550.3757511,13.56080593,58.11890538,0.0255017987,622.0809642,58422.01326,54077.33427,1.008538675e-08
138.4,4210.72356,12.43510829,4223.158668,624.0163684,626.4691791,13.06022648,79.00464477,0.02472454625,718.5587749,58437.09373,54213.93506,1.007174433e-08
138.6,3760.966361,548.7458669,4309.712227,1579.423629,560.7916938,9.81903996,83.12348298,0.01874583372,653.7529625,58663.54618,54353.83395,1.003900252e-08
138.8,2564.713371,2000.245202,4564.958573,1982.53364,383.0639319,5.280119495,68.60873766,0.01022309991,456.9630121,59031.45544,54466.49687,1.003354555e-08
139,1162.832677,3710.212644,4873.045321,1650.32621,173.7409273,1.449587708,42.030476,0.002914325673,217.2239053,59406.75548,54533.71016,1.008174877e-08
139.2,189.2033107,4904.914257,5094.117567,732.8206482,27.59500656,0.0004617531812,15.42236191,9.800331615e-07,43.0178312,59651.94257,54557.825,1.005173544e-08
139.4,83.95262686,5043.714839,5127.667466,-354.777426,10.80972799,1.530849544,0.8337527363,0.002680149708,13.17701042,59688.3627,54560.69524,1.005719241e-08
139.6,894.3463127,4063.727919,4958.074231,-1120.056022,131.0106857,5.306969063,4.873580681,0.009651677506,141.2008871,59531.86232,54573.78809,9.991708794e-09
139.8,2253.431734,2408.273128,4661.704862,-1216.400135,333.8047094,9.602494983,25.71680648,0.01772230248,369.1417332,59285.6479,54623.94304,1.007811079e-08
140,3546.097781,826.2530231,4372.350804,-600.0325968,527.3983955,12.47820311,53.92950489,0.02324807184,593.8293515,59093.57525,54721.22444,1.009084372e-08
140.2,4187.400062,33.24469004,4220.644752,450.0476829,624.1530942,12.64980836,76.73956854,0.02376354772,713.5662346,59075.01114,54854.36639,1.013358997e-08
140.4,3887.19795,387.6920156,4274.889966,1458.301154,580.2634086,10.05486903,83.81958088,0.01906787801,674.1569264,59270.76181,54995.87185,1.01972546e-08
140.6,2781.354162,1728.747712,4510.101873,1967.935351,415.593747,5.867389624,71.96335283,0.01128698767,493.4357765,59624.55989,55114.45802,1.022272045e-08
140.8,1370.14853,3449.143476,4819.292005,1747.78051,204.689769,1.958408251,46.53831714,0.003894031516,253.1903884,60008.50657,55189.21457,1.019088813e-08
141,291.8130685,4770.084397,5061.897466,897.0694399,43.03220685,0.0495462822,19.05581026,0.0001375633232,62.13770096,60280.96354,55219.06607,1.022544893e-08
141.2,33.70844471,5093.726748,5127.435193,-199.3590214,3.810469632,0.9424231315,1.959201186,0.001588648353,6.713682598,60350.6911,55223.25591,1.02472768e-08
141.4,711.8620703,4273.696461,4985.558531,-1045.198943,104.7866336,4.169573415,2.989752143,0.007458165341,111.9534173,60218.19196,55232.63343,1.026819518e-08
141.6,2018.617927,2681.224136,4699.842063,-1257.353661,300.2526034,8.219955323,21.68140702,0.01498314495,330.1689489,59975.53126,55275.68919,1.02654667e-08
141.8,3362.036943,1037.001597,4399.03854,-739.4390221,501.7223584,11.23207302,49.57172992,0.02069699614,562.5468583,59764.69873,55365.66019,1.028911356e-08
142,4133.894832,84.91278409,4218.807616,274.4580391,617.9912113,11.8378372,74.03348296,0.02200194142,703.8845334,59713.34927,55494.54165,1.026819518e-08
142.2,3984.940427,255.3510173,4240.291444,1325.619239,596.4255759,9.774912971,83.99186808,0.01833108467,690.2106881,59877.00635,55636.71491,1.033913577e-08
142.4,2982.831551,1470.517569,4453.349119,1938.265565,446.789941,5.99301138,74.93867527,0.01137938769,527.7330071,60213.89644,55760.54732,1.037824404e-08
142.6,1581.311626,3179.794869,4761.106496,1834.923917,236.8244439,2.210579625,50.97306282,0.004308416825,290.0123948,60603.81839,55842.71189,1.032185537e-08
142.8,414.6547682,4609.122717,5023.777485,1062.100567,61.57641025,0.1273984941,22.94514994,0.0002949564776,84.64925365,60902.52144,55878.74395,1.028456609e-08
143,10.4926795,5111.439431,5121.93211,-30.65148918,0.3714565449,0.652896308,3.543248758,0.001087678434,4.56868929,61006.98926,55885.05715,1.030184649e-08
143.2,551.0452854,4459.530482,5010.575768,-948.8368431,80.90464552,3.500233105,1.549317171,0.006226969819,85.96042277,60902.08388,55891.50811,1.030275598e-08
143.4,1790.814926,2948.739572,4739.554498,-1276.768905,266.7072355,7.327770492,17.86356414,0.01327684498,291.911847,60667.43233,55927.87783,1.030639396e-08
143.6,3167.93352,1263.103522,4431.037042,-865.715316,473.6606992,10.3596909,45.09781516,0.01895533354,529.1371606,60441.42803,56010.39099,1.029275154e-08
143.8,4058.673477,165.5781226,4224.251599,98.72027272,608.0793207,11.20008981,70.92124811,0.02064176644,690.2213004,60358.62711,56134.37551,1.02827471e-08
144,4059.844446,152.6359031,4212.480349,1180.498642,609.1195467,9.468437274,83.64324391,0.01757105527,702.248799,60488.86406,56276.38371,1.026273821e-08
144.2,3171.221167,1229.605112,4400.82628,1890.387435,476.3177774,5.967582168,77.50554789,0.01117171539,559.8020791,60805.63861,56404.81233,1.03345883e-08
144.4,1795.456814,2908.415969,4703.872783,1907.308416,269.7929776,2.309880261,55.28799825,0.004397829766,327.395254,61198.08428,56494.2115,1.036369213e-08
144.6,555.5976773,4428.708645,4984.306323,1223.633833,83.02623053,0.1745081494,27.04871444,0.0003651943548,110.2498183,61521.1105,56536.80417,1.033731678e-08
144.8,12.89218095,5102.142053,5115.034234,148.6797815,0.542848734,0.5367784115,5.569807782,0.0009186416995,6.650353569,61661.03631,56546.00207,1.034368324e-08
145,412.695351,4623.998038,5036.693389,-831.1962829,59.65461091,3.222090853,0.5709268934,0.005787018739,63.45341568,61587.02195,56550.32856,1.031548891e-08
145.2,1573.501105,3211.024875,4784.52598,-1272.604188,233.5785413,6.988011101,14.31025621,0.0127117854,254.8895204,61365.02823,56580.50225,1.031366992e-08
145.4,2969.290931,1503.165098,4472.456029,-975.6998437,443.5695618,10.09616746,40.56390422,0.01848878546,494.2481223,61127.98618,56655.53015,1.032367436e-08
145.6,3967.844475,273.7202739,4241.564749,-74.58889218,594.5702026,11.11163403,67.44486504,0.02044453805,673.1471462,61015.67119,56774.10644,1.037824404e-08
145.8,4117.057173,79.21508737,4196.27226,1023.341441,618.2371766,9.563445634,82.78463825,0.01766943414,710.6029299,61111.48113,56915.20887,1.034004526e-08
146,3349.609998,1007.487532,4357.09753,1821.709361,503.8690019,6.163319133,79.64097051,0.01144135209,589.6847328,61404.7183,57047.62077,1.037824404e-08
146.2,2013.344871,2638.024687,4651.369558,1959.667313,303.2390722,2.481609314,59.43876137,0.004643712164,365.1640866,61795.43525,57144.06569,1.03846105e-08
146.4,713.6420494,4232.451424,4946.093473,1375.098294,107.1520891,0.2278774852,31.32315003,0.0004426959088,138.7035593,62139.64854,57193.55507,1.037278707e-08
